Word	Meaning	Top5
автомобиль	автомобиль.1	джип, грузовик, фургон, автобус, лимузин
автор	автор.1	издатель, писатель, переводчик, поэт, художник
автор	автор.2	сборник, сборники, серия, цикл, подборка
автор	автор.3	создатель, создателя, основатель, владелец, инициатор
автор	автор.4	составитель, автора, автором, автору, авторы
автор	автор.5	герой, героиня, персонаж, экранизация, герои
автор	автор.6	написание, писание, опубликование, черновик, чтение
автор	автор.7	Геродот, рецензент, Плутарх, евангелист, Полибий
автор	автор.8	сочинитель, начитавшись, сочинители, начитавшийся, сочинителя
акцент	акцент.1	выговор, диалект, говор, манер, писатель
акцент	акцент.2	упор, ударение, ставку, акценты, скидку
акцент	акцент.3	нажим, загар, намек, надрез, отпечаток
акция	акция.1	операция, кампания, диверсия, провокация, вылазка
аллергия	аллергия.1	антипатия, идиосинкразия, тяга, склонность, неприязнь
аллергия	аллергия.2	астма, депрессия, мигрень, экзема, изжога
аллергия	аллергия.3	гангрена, пародия, мода, истерика, конкуренция
алмаз	алмаз.1	бриллиант, рубин, изумруд, сапфир, камень
амулет	амулет.1	костюм, респиратор, кольцо, комбез, скафандр
амулет	амулет.2	медальон, талисман, артефакт, кулон, браслет
анализ	анализ.1	переливание, заражение, переливания, лужа, пролитие
анализ	анализ.2	анализы, разбор, осмотр, тест, характер
англичанин	англичанин.1	американец, джентльмен, шотландец, ирландец, француз
антибиотик	антибиотик.1	антибиотики, обезболивающее, снотворное, антидот, пенициллин
антибиотик	антибиотик.2	белок, крахмал, холестерин, пигмент, каучук
антибиотик	антибиотик.3	препарат, стимулятор, краситель, растворитель, антидепрессант
антилопа	антилопа.1	птица, лань, кошка, куропатка, птичка
аппарат	аппарат.1	орган, центр, деятель, архив, инструментарий
аппарат	аппарат.2	прибор, компьютер, агрегат, механизм, терминал
аппаратура	аппаратура.1	техника, электроника, радиостанция, система, лаборатория
аппетит	аппетит.1	иммунитет, нюх, голод, самоконтроль, работоспособность
аппетит	аппетит.2	костер, огонь, камин, примус, очаг
армия	армия.1	эскадра, пехота, дивизия, кавалерия, дипломатия
артиллерия	артиллерия.1	пехота, авиация, батарея, армия, пушка
артист	артист.1	актер, художник, писатель, поэт, режиссер
артист	артист.2	артистка, артисткой, актриса, Артист, прима
астма	астма.1	подагра, мигрень, аллергия, бессонница, депрессия
бабка	бабка.1	бабушка, матушка, мама, мать, сестра
бабка	бабка.2	тетка, старуха, старушка, баба, соседка
бабка	бабка.3	Маша, Юлька, Ирка, Лола, Верка
бабушка	бабушка.1	мама, мать, сестра, матушка, бабка
бабушка	бабушка.2	Наташа, она, Настя, Надя, Маша
бактерия	бактерия.1	инфекция, пылинка, вещь, штука, субстанция
баня	баня.1	культура, армия, пословица, литература, мафия
баня	баня.2	банька, сауна, кухня, печка, конюшня
баран	баран.1	козел, осел, болван, бык, идиот
баран	баран.2	обвал, кряж, хребет, перевал, хрусталь
бедность	бедность.1	нищета, нищету, несправедливость, нужда, скука
бедро	бедро.1	плечо, колено, запястье, предплечье, голень
бедро	бедро.2	плечико, крыло, тело, ухо, ребро
белье	белье.1	пеленки, простыни, портянки, носки, подгузники
белье	белье.2	халатике, халате, исподнем, пеньюаре, фартуке
белье	белье.3	Поволжье, ярусе, регистре, течении, ящике
белье	белье.4	бельишко, исподнее, платье, полотенце, покрывало
библиотека	библиотека.1	кухня, больница, лаборатория, школа, коллекция
бизнес	бизнес.1	капитал, проект, рынок, бизнесмен, предприниматель
бизнес	бизнес.2	ИТ, научно, военно, социально, интернет
биография	биография.1	карьера, автобиография, обстановка, история, личность
блюдо	блюдо.1	кушанье, лакомство, изделие, развлечение, украшение
блюдо	блюдо.2	рагу, жаркое, печенье, суфле, пирожное
блюдо	блюдо.3	блюдце, блюдечко, ведерко, кольцо, ожерелье
блюдо	блюдо.4	тарелку, поднос, миску, вазу, кувшин
бог	бог.1	угадаю, досказать, закурить, порулить, догадаюсь
бог	бог.2	черт, чорт, леший, дьявол, ситх
бог	бог.3	сподобил, наказывает, уберег, карает, покарал
бог	бог.4	благую, Благую, радостную, недобрую, дурную
бог	бог.5	пантеон, культ, храм, божок, миф
бог	бог.6	Бог, аллах, боже, господь, Аллах
бог	бог.7	бога, богу, богиней, богине, богини
бог	бог.8	повелитель, владыка, мудрец, властитель, правитель
бог	бог.9	богиня, символ, божество, олицетворение, богиню
бог	бог.10	радостная, благая, Благая, недобрая, горестная
богатство	богатство.1	сокровище, счастье, могущество, достояние, предназначение
бой	бой.1	поединок, спор, разговор, матч, диалог
бой	бой.2	сражение, битву, борьбу, войну, схватку
болезнь	болезнь.1	слабость, усталость, лихорадку, травму, депрессию
болезнь	болезнь.2	хворь, патология, травма, инфекция, лихорадка
борьба	борьба.1	схватка, битва, грызня, война, вражда
ботаник	ботаник.1	ученый, физик, математик, физиолог, историк
брат	брат.1	отец, сын, муж, братец, племянник
бренди	бренди.1	коньяк, вино, шампанское, пиво, чай
бренди	бренди.2	виски, вина, коньяку, коньяка, мартини
бриллиант	бриллиант.1	алмаз, рубин, изумруд, сапфир, брильянт
буква	буква.1	строка, строчка, строфа, страница, ступенька
бумага	бумага.1	бумажка, солома, тряпка, одежда, пленка
были	были.1	кои, которые, каковые, которыя, кото­рые
были	были.2	оба, хорошо, твердо, всегда, давно
были	были.3	имелись, имеются, есть, найдутся, нашлись
были	были.4	единственные, такие, хорошие, живые, настоящие
были	были.5	будут, оказались, бы­ли, оставались, стали
были	были.6	появились, появятся, возникли, возникнут, появлялись
были	были.7	возлагали, возлагаются, возлагают, возлагались, возложены
были	были.8	делают, сделали, делали, проделывают, знают
быть	быть.1	оказаться, получиться, произойти, существовать, случиться
валюта	валюта.1	экономика, буржуазия, культура, пресса, держава
вампир	вампир.1	оборотень, демон, эльф, воин, маг
вампир	вампир.2	балл, пилотаж, судия, класс, вампиризм
вампир	вампир.3	вурдалак, монстр, маньяк, упырь, ублюдок
ванна	ванна.1	раковина, пепельница, вода, чаша, миска
вдова	вдова.1	женщина, вдовушка, жена, дама, девушка
величина	величина.1	цифра, сумма, субстанция, высота, константа
вера	вера.1	религия, потребность, молитва, церковь, дружба
вера	вера.2	убежденность, уверенность, любовь, влюбленность, заинтересованность
вертолет	вертолет.1	вертолеты, подкрепление, вертушку, подмогу, опергруппу
вертолет	вертолет.2	самолет, корабль, флаер, челнок, флайер
ветер	ветер.1	фен, вентилятор, паровоз, самовар, пылесос
ветер	ветер.2	шум, гвалт, гомон, кашель, вой
ветер	ветер.3	тракт, мыс, склон, проход, континент
ветер	ветер.4	ветерок, сквозняк, бриз, шторм, ураган
вещество	вещество.1	марево, облако, месиво, пятно, варево
вещество	вещество.2	существо, растение, зелье, снадобье, излучение
взрослый	взрослый.1	пожилой, незнакомый, сорокалетний, немолодой, представительный
взрослый	взрослый.2	нормальный, умный, женатый, зрелый, здоровый
вибрация	вибрация.1	тряска, дрожь, качка, пульсация, рябь
виноград	виноград.1	инжир, урожай, крыжовник, ячмень, персик
винтовка	винтовка.1	пушка, двустволка, сумка, сабля, беретта
витамин	витамин.1	инициалы, буквой, букву, инициалами, инициал
витамин	витамин.2	bf, hs, fw, ar, db
витамин	витамин.3	raison, coup, hors, chef, chefs
витамин	витамин.4	Витамин, буква, литера, robert, Буква
витамин	витамин.5	+, £, cos, ®, $
витамин	витамин.6	гормон, препарат, фермент, минерал, параметр
витамин	витамин.7	витамина, витамины, витамином, гепатит, провитамин
власть	власть.1	контроль, опеку, господство, гегемонию, юрисдикцию
власть	власть.2	бюрократия, Россия, государственность, печать, пропаганда
влечение	влечение.1	отвращение, пристрастие, стремление, притяжение, тяготение
вода	вода.1	кровь, слюна, влага, водица, водичка
возбуждение	возбуждение.1	волнение, раздражение, напряжение, беспокойство, нетерпение
воздействие	воздействие.1	влияние, действие, давление, впечатление, сопротивление
возраст	возраст.1	джентльмен, мужчина, американец, семьянин, юбилей
возраст	возраст.2	размер, рост, диаметр, вес, доход
возраст	возраст.3	период, рубеж, инструмент, типаж, показатель
война	война.1	битва, драка, борьба, схватка, бойня
волк	волк.1	зверь, тигр, лев, медведь, пес
волна	волна.1	струя, судорога, вспышка, дрожь, вода
воля	воля.1	душа, любовь, хватка, сила, просьба
воля	воля.2	симпатия, тяга, страсть, привязанность, ненависть
воля	воля.3	Воля, кара, милость, благодать, десница
воровство	воровство.1	хулиганство, мошенничество, взяточничество, мародерство, пьянство
восхищение	восхищение.1	изумление, возмущение, недоумение, сочувствие, недовольство
впечатление	впечатление.1	воздействие, ощущение, влияние, зрелище, впечатлѣніе
впечатление	впечатление.2	впечатления, фурор, сенсацию, посадку, перегруппировку
врач	врач.1	хирург, инженер, юрист, психиатр, психолог
встреча	встреча.1	беседа, поездка, стычка, свадьба, помолвка
выбор	выбор.1	вывод, поступок, вариант, путь, диагноз
высота	высота.1	достигнув, около, достигающие, достигала, достигающих
высота	высота.2	высотой, шириной, длиной, пролетев, диаметром
высота	высота.3	глубина, дистанция, величина, зарплата, сумма
высота	высота.4	длина, ширина, толщина, дальность, грузоподъемность
газета	газета.1	пресса, энциклопедия, газетка, партия, фирма
генерал	генерал.1	вице, контр, обер, премьер, статс
генерал	генерал.2	полковник, генерала, генералу, подполковник, генералом
геометрия	геометрия.1	математика, психология, арифметика, логика, физика
германец	германец.1	воин, немец, ариец, англичанин, славянин
гимнастика	гимнастика.1	зарядка, разминка, тренировка, физкультура, пробежка
гном	гном.1	старик, мужчина, мужик, воин, толстяк
гоблин	гоблин.1	старик, гном, эльф, тролль, человечек
гоблин	гоблин.2	Тимон, Арролд, Учиха, арн, Мадара
говядина	говядина.1	свинина, баранина, ветчина, рыба, телятина
голова	голова.1	гриппом, тифом, ангиной, корью, туберкулезом
голова	голова.2	башка, спина, поясница, головка, рука
голод	голод.1	жажду, стыд, тошноту, неловкость, головокружение
голод	голод.2	холод, дискомфорт, страх, жар, стресс
голос	голос.1	самооценку, квалификацию, температуру, градус, налоги
голос	голос.2	голосок, шепот, смех, басок, крик
гордость	гордость.1	гордыня, стеснительность, застенчивость, скромность, властность
гордость	гордость.2	радость, нежность, неловкость, грусть, злость
гормон	гормон.1	темпы, гормоном, невысокого, карьерного, замедление
гормон	гормон.2	дисфункции, гормонами, гипофункция, дисфункция, аденома
гормон	гормон.3	фермент, витамин, препарат, токсин, орган
гормон	гормон.4	гормоны, инсулин, адреналин, эстроген, ферменты
город	город.1	поселок, городок, дом, мир, замок
город	город.2	Париж, Лондон, Рим, Киев, деревню
горючее	горючее.1	топливо, бензин, боеприпасы, продовольствие, керосин
горючее	горючее.2	взрывчатое, питательное, ядовитое, красящее, отравляющее
горючее	горючее.3	плачевно, неудачей, благополучно, дракой, тупиком
господин	господин.1	гражданин, джентльмен, мужчина, дяденька, дядечка
господин	господин.2	мсье, месье, сеньор, госпожа, синьор
господин	господин.3	а, однако, когда, но, подумал
господин	господин.4	герр, товарищ, бывший, уважаемый, пан
государство	государство.1	общество, правительство, княжество, королевство, войско
грабеж	грабеж.1	разбой, шантаж, бандитизм, мордобой, разврат
грабеж	грабеж.2	бандит, грабитель, вор, лжец, хулиган
гравитация	гравитация.1	радуга, елка, мушка, плотина, дамба
гравитация	гравитация.2	радиация, температура, облачность, инфляция, самооценка
грех	грех.1	проступок, подвиг, промах, преступление, святотатство
грех	грех.2	грешно, глупо, мешает, помешает, зазорно
грех	грех.3	позор, недуг, порок, груз, искус
грех	грех.4	грешник, эгоист, зануда, выдумщик, ревнивец
гриб	гриб.1	помидор, фрукт, огурец, инжир, каштан
гриб	гриб.2	реактор, взрыв, заряд, фугас, боеприпас
гриб	гриб.3	грибок, цветок, мухомор, столб, лишайник
грипп	грипп.1	голод, шторм, понос, ураган, ливень
грипп	грипп.2	помет, жир, корм, окорок, хлев
грипп	грипп.3	насморк, тиф, бронхит, простуду, лихорадку
грудь	грудь.1	спину, шею, живот, ягодицу, челюсть
грудь	грудь.2	спина, шея, попка, задница, рука
груз	груз.1	бремя, камень, рюкзак, чемодан, воз
груз	груз.2	багаж, балласт, товар, труд, вес
грызун	грызун.1	зверек, зверь, воришка, хищник, ублюдок
дата	дата.1	дату, даты, датой, после, своевременность
дата	дата.2	цифра, датировка, копия, причина, веха
дать	дать.1	помочь, подарить, показать, предоставить, предложить
дача	дача.1	квартира, вилла, гостиница, усадьба, ферма
дворец	дворец.1	дворце, Францию, двор, Флоренцию, сне
дворец	дворец.2	замок, особняк, сад, дом, трон
девушка	девушка.1	женщина, девочка, девица, блондинка, девчушка
девушка	девушка.2	она, Катя, Настя, Лиза, Лена
дед	дед.1	старик, старец, дедок, старичок, старикан
дед	дед.2	отец, дедушка, прадед, муж, брат
дедушка	дедушка.1	дед, отец, папа, муж, брат
действие	действие.1	воздействие, влияние, средство, явление, впечатление
дельфин	дельфин.1	Дракон, Волк, Медведь, Камень, Орел
дельфин	дельфин.2	шарик, шар, цилиндр, полумесяц, цвет
дельфин	дельфин.3	кит, дракон, лебедь, волк, медведь
демон	демон.1	дьявол, бес, вампир, колдун, монстр
депрессия	депрессия.1	апатия, бессонница, хандра, меланхолия, паника
дерево	дерево.1	деревце, деревцо, бревно, растение, полено
дисциплина	дисциплина.1	выучка, выправка, субординация, организация, повинность
до	до.1	касались, касаясь, коснувшись, касался, касаются
до	до.2	после, [до, дождаться, дождавшись, дождался
до	до.3	достигающие, достигая, достиг, около, достигавшие
до	до.4	вместо, для, ДО, у, ради
добро	добро.1	Добро, зло, имущество, чудеса, согласие
добро	добро.2	зарядку, выводы, одолжения, гимнастику, аборт
добрый	добрый.1	хороший, мудрый, умный, милый, славный
дождь	дождь.1	ливень, дождик, снегопад, дождичек, шторм
дождь	дождь.2	ноябрь, декабрь, октябрь, февраль, сентябрь
доктор	доктор.1	бакалавр, профессор, преподаватель, магистр, профессора
доктор	доктор.2	дружище, сэр, старина, подумал, однако
доктор	доктор.3	господин, герр, фрау, месье, сеньор
доктор	доктор.4	кандидат, доктора, кандидатом, доктором, кандидату
доктор	доктор.5	мистер, миссис, мисс, капитан, миз
документ	документ.1	факт, текст, файл, феномен, эпизод
документ	документ.2	протокол, меморандум, договор, отчет, указ
дом	дом.1	особняк, коттедж, домик, сарай, город
дом	дом.2	квартиру, комнату, хижину, усадьбу, спальню
домашний	домашний.1	рогатый, породистый, вьючный, тягловый, двуногий
домашний	домашний.2	кодовый, регистрационный, идентификационный, сольный, порядковый
домашний	домашний.3	мамин, ваш, свой, бабушкин, знакомый
домашний	домашний.4	редакционный, электронный, точный, парижский, нужный
домашний	домашний.5	мобильный, контактный, сотовый, спутниковый, квартирный
домашний	домашний.6	купальный, махровый, банный, служебный, шелковый
домашний	домашний.7	семейный, личный, повседневный, собственный, убогий
дочь	дочь.1	сестра, жена, мать, дочка, внучка
дочь	дочь.2	дочку, сестру, племянницу, внучку, жену
драгоценность	драгоценность.1	ценность, красоту, цель, роскошь, радость
драгоценность	драгоценность.2	реликвия, вещь, достопримечательность, жемчужина, находка
драгоценность	драгоценность.3	реликвию, вещицу, святыню, жемчужину, безделушку
дракон	дракон.1	тюльпан, шар, цветок, цвет, треугольник
дракон	дракон.2	орел, лев, монстр, ястреб, зверь
дракон	дракон.3	Дракон, Орел, Рыцарь, Цветок, Волк
древесина	древесина.1	кора, кожа, глина, ветка, резина
друг	друг.1	закадычного, лучшего, верного, четвероногого, близкого
друг	друг.2	пуповиной, кабелем, проводами, трубопроводами, проходами
друг	друг.3	исключительно, только, преимущественно, именно, ни
друг	друг.4	свысока, исподлобья, украдкой, снисходительнее, недоброжелательно
друг	друг.5	союзник, ученик, соратник, отдых, защитник
друг	друг.6	непосредственно, напрямую, накоротке, впрямую, лично
друг	друг.7	издали, сверху, внешне, цветом, скорее
друг	друг.8	другъ, ДРУГ, дpуг, [друг, друт
друг	друг.9	лбами, носами, животами, щекой, грудью
друг	друг.10	слева, справа, отстоит, отстоящие, отстоящий
друг	друг.11	старому, лучшему, закадычному, четвероногому, близкому
друг	друг.12	дружок, дружочек, приятель, товарищ, кореш
дружба	дружба.1	беседа, переписка, вражда, встреча, любовь
душа	душа.1	натура, совесть, воля, психика, природа
душа	душа.2	душенька, жена, семья, мать, задница
душа	душа.3	голова, спина, нога, шея, поясница
душа	душа.4	душонка, женщина, девочка, девушка, собака
дядя	дядя.1	а, но, однако, когда, пока
дядя	дядя.2	подумал, Дядя, Дядь, возмутился, удивился
дядя	дядя.3	дядь, дед, дедушка, брат, дядюшка
дядя	дядя.4	сэр, старина, милый, дружище, голубчик
дядя	дядя.5	девятилетний, одиннадцатилетний, тринадцатилетний, семилетний, двенадцатилетний
европеец	европеец.1	мужчина, человек, джентльмен, англичанин, мужик
еда	еда.1	пища, закуска, жратва, выпивка, кормежка
епископ	епископ.1	священник, викарий, архиерей, кардинал, император
епископ	епископ.2	архиепископ, митрополит, святитель, преосвященный, архимандрит
епископ	епископ.3	епископа, уроженец, епископом, епископу, близ
епископ	епископ.4	Варлаам, Дионисий, Стефан, Симеон, Макарий
ж	ж.1	тебе, им, вам, ему, ей
ж	ж.2	це, гэта, тобі, тобi, тепер
ж	ж.3	денется, девается, девалась, подевалась, делось
ж	ж.4	стоишь, торчишь, бродишь, стоите, стоим
ж	ж.5	случилось, сталось, стряслось, сравнится, происходило
ж	ж.6	молчишь, скажешь, плачешь, орешь, кричишь
ж	ж.7	прикажешь, прикажете, велишь, повелишь, посоветуешь
ж	ж.8	ш, н, р, з, т
ж	ж.9	скажет, даст, поверит, принесет, укажет
ж	ж.10	живет, находится, прячется, взялся, обитает
ж	ж.11	же, б, ведь, конкретно, именно
жадность	жадность.1	алчность, ревность, похоть, гордыня, жестокость
жалоба	жалоба.1	мольба, надежда, обида, досада, тоска
жалоба	жалоба.2	заявка, просьба, претензия, радиограмма, телеграмма
жар	жар.1	холод, тепло, озноб, зной, зуд
желание	желание.1	вожделение, стремление, любопытство, пожелание, искушение
желудок	желудок.1	хищник, волк, тигр, удав, клоп
желудок	желудок.2	обморок, кашель, ревматизм, спазм, артрит
желудок	желудок.3	судорогой, спазмом, спазмами, судорогами, тошнотой
желудок	желудок.4	треп, болтовни, болтовней, формальностью, болтовне
желудок	желудок.5	холодильник, кошелек, бокал, стакан, бак
желудок	желудок.6	живот, кишечник, желудки, внутренности, горло
желудок	желудок.7	организм, мозг, собеседник, муж, приятель
жена	жена.1	мать, супруга, сестра, мама, подруга
женщина	женщина.1	девушка, дама, девочка, девица, особа
жестокость	жестокость.1	щедрость, грубость, осторожность, расточительность, снисходительность
живность	живность.1	нечисть, дичь, утварь, мелочь, дребедень
живность	живность.2	птицу, рыбешку, зверушку, рыбу, скотину
живот	живот.1	животик, грудь, затылок, зад, желудок
живот	живот.2	голова, спина, поясница, шея, нога
живот	живот.3	сверток, портфель, кошель, кошелек, бурдюк
живот	живот.4	гриппом, корью, ангиной, тифом, малярией
живот	живот.5	бугорок, горб, камень, синяк, рубец
животное	животное.1	существо, чудовище, насекомое, создание, растение
житель	житель.1	пейзаж, уголок, ландшафт, морг, закоулок
житель	житель.2	уроженец, уроженка, мэр, жительница, уроженца
житель	житель.3	обитатель, старожил, люд, гражданин, староста
жук	жук.1	гад, мерзавец, лис, гаденыш, слизняк
жук	жук.2	грузовичок, грузовик, мерседес, кадиллак, фургон
жук	жук.3	ромб, цветок, полумесяц, шарик, треугольник
жук	жук.4	паук, червяк, червь, дракон, таракан
забава	забава.1	игра, игрушка, шутка, тема, шалость
заведение	заведение.1	учреждение, местечко, мероприятие, предприятие, развлечение
зависимость	зависимость.1	оторванность, взаимосвязь, связь, отстраненность, независимость
завод	завод.1	заводик, комбинат, цех, заводы, техникум
задаток	задаток.1	аванс, выкуп, гонорар, штраф, предоплату
задаток	задаток.2	залог, коррективы, поправку, поправки, ясность
задача	задача.1	проблема, цель, миссия, работа, задачка
задница	задница.1	жопа, попка, спина, башка, шея
закон	закон.1	принцип, миропорядок, постулат, догмат, миф
закон	закон.2	Закон, запрет, этикет, субординацию, устав
закон	закон.3	декрет, билль, указ, Декрет, Акт
замок	замок.1	город, особняк, дворец, замке, дом
замок	замок.2	засов, замочек, запор, замки, шпингалет
замок	замок.3	затвором, задвижкой, выключателем, засовом, замком
занятие	занятие.1	времяпрепровождение, развлечение, времяпровождение, зрелище, мероприятие
запас	запас.1	резерв, лимит, излишек, избыток, объем
запас	запас.2	самородок, медалью, слиток, телец, монетой
запас	запас.3	расход, запасы, перерасход, запаса, нехватка
запах	запах.1	напиток, нектар, настой, соус, сок
запах	запах.2	струйки, струйка, струйку, напившись, потеки
запах	запах.3	аромат, привкус, душок, вкус, запашок
запах	запах.4	запахом, запахе, вонью, запахами, смрадом
запах	запах.5	биение, пульсацию, тепло, теплоту, прикосновение
запись	запись.1	записи, видеозаписи, рукопись, корреспонденцию, записанное
запись	запись.2	съемка, беседа, передача, кассета, дискуссия
запись	запись.3	заметка, надпись, пометка, отметка, статья
запись	запись.4	видеозапись, пленку, кассету, автоответчик, аудиозапись
запись	запись.5	заметку, пометку, статью, сообщение, лекцию
зарплата	зарплата.1	температура, урожайность, самооценка, высота, успеваемость
зарплата	зарплата.2	пенсия, стипендия, цена, плата, награда
затрата	затрата.1	сумма, единица, отдача, прибавка, величина
затрата	затрата.2	хватило, наберусь, недостанет, недостало, набралась
затрата	затрата.3	прорва, уйма, бездна, масса, кладовая
затрата	затрата.4	трата, растрата, экономия, концентрация, потеря
затрата	затрата.5	требует, требовало, потребует, требующие, требующим
защита	защита.1	страховка, гарантия, маскировка, зашита, поддержка
звезда	звезда.1	звездочка, Звезда, заря, луна, роза
зверь	зверь.1	хищник, зверек, волк, лев, тигр
звук	звук.1	шум, стон, смешок, шорох, хрип
звук	звук.2	громкость, свет, музыку, двигатель, приемник
здание	здание.1	здании, фойе, коридорах, подвалах, вестибюле
здание	здание.2	строение, сооружение, помещение, дерево, крыльцо
злак	злак.1	феномен, компонент, фермент, обычай, недуг
злак	злак.2	минерал, продукт, артефакт, ингредиент, инструмент
злак	злак.3	колос, кустарник, цветок, фрукт, напиток
змея	змея.1	дракона, змия, Змея, чудовища, монстра
змея	змея.2	гадюка, кобра, ящерица, оса, птица
знак	знак.1	сигнал, отмашку, команду, знака, указание
знак	знак.2	жест, признак, символ, пример, значок
знак	знак.3	знаки, заслуживающий, заслуживающее, заслуживающих, заслуживающей
знак	знак.4	ознаменование, ожидании, целях, предчувствии, качестве
знак	знак.5	жесте, порыве, знаке, гримасе, духе
знак	знак.6	велели, приказали, разрешат, разрешили, пришлось
знакомство	знакомство.1	общение, сотрудничество, свидание, ознакомление, соприкосновение
знакомство	знакомство.2	возиться, знакомиться, общаться, экспериментировать, встречаться
знакомство	знакомство.3	дружбу, беседу, интрижку, разговор, шашни
знание	знание.1	познание, понимание, мышление, незнание, бытие
знание	знание.2	учение, понятие, суждение, представление, утверждение
зуб	зуб.1	корью, тифом, гриппом, лихорадкой, ангиной
зуб	зуб.2	клык, живот, зубик, зубок, позвоночник
зуб	зуб.3	голова, поясница, спина, нога, коленка
зубр	зубр.1	зверь, воин, хрыч, вояка, волчара
зубр	зубр.2	бык, вепрь, медведь, волк, лев
игра	игра.1	работа, забава, игрушка, шутка, штука
игра	игра.2	война, битва, вечеринка, схватка, драка
игрушка	игрушка.1	вещица, кукла, штучка, штука, штуковина
издание	издание.1	переиздание, полугодие, блюдо, изд, поколение
издание	издание.2	мая, сентября, апреля, января, декабря
изделие	изделие.1	блюдо, сооружение, украшение, произведение, строение
излучение	излучение.1	облучение, вещество, свечение, воздействие, сияние
изобретение	изобретение.1	открытие, творение, произведение, начинание, достижение
институт	институт.1	техникум, колледж, вуз, университет, факультет
инструкция	инструкция.1	директива, информация, справка, записка, анкета
интеллект	интеллект.1	разум, ум, мозг, талант, организм
интеллигенция	интеллигенция.1	литература, элита, культура, эмиграция, буржуазия
интуиция	интуиция.1	репутация, идея, мускулатура, работа, сигнализация
интуиция	интуиция.2	логика, наблюдательность, проницательность, выдержка, смекалка
интуиция	интуиция.3	жена, мама, мать, подруга, бабушка
инфекция	инфекция.1	пневмония, болезнь, эпидемия, патология, хворь
инфекция	инфекция.2	зараза, бактерия, радиация, флора, травма
информация	информация.1	справка, документация, гипотеза, легенда, инфа
ископаемое	ископаемое.1	дизельное, ракетное, жидкое, ядерное, авиационное
ископаемое	ископаемое.2	четвероногое, двуногое, доисторическое, хищное, диковинное
ископаемое	ископаемое.3	существо, животное, насекомое, растение, вещество
искусство	искусство.1	мастерство, общество, ремесло, государство, мышление
испытание	испытание.1	проверку, испытания, Испытание, экзамен, инициацию
испытание	испытание.2	потрясение, препятствие, собеседование, задание, наказание
исследователь	исследователь.1	историк, ученый, физик, антрополог, экономист
истина	истина.1	правда, реальность, проблема, Истина, тайна
история	история.1	сцена, штука, сказка, картина, легенда
источник	источник.1	луч, лучик, сгусток, родник, проблеск
источник	источник.2	получение, утечка, накопление, передача, поглощение
источник	источник.3	выброс, выплеск, избыток, расход, всплеск
источник	источник.4	кладезь, носитель, первоисточник, источники, накопитель
к	к.1	къ, /к, благодаря, по, радовалась
к	к.2	с, над, перед, за, пеpед
к	к.3	научили, научите, научить, учили, учит
кактус	кактус.1	цветок, фикус, папоротник, каштан, кустарник
кактус	кактус.2	человечек, паук, зверек, очкарик, мужичонка
камень	камень.1	камешек, булыжник, валун, камушек, гранит
канал	канал.1	тоннель, туннель, телеканал, перешеек, коридор
канал	канал.2	сеанс, родственные, ассоциативные, внебрачные, причинной
канал	канал.3	Канал, Дунай, Днепр, Евфрат, Днестр
канал	канал.4	экран, тумблер, терминал, аппарат, пульт
канцлер	канцлер.1	бюджет, казначей, чиновник, обвинитель, деятель
канцлер	канцлер.2	рейхсканцлер, посол, король, фельдмаршал, император
канцлер	канцлер.3	дипломат, полководец, писатель, военачальник, поэт
канцлер	канцлер.4	ротмистр, майор, полковник, хорунжий, фельдфебель
канцлер	канцлер.5	гетман, Канцлер, магистр, князь, инквизитор
капуста	капуста.1	свекла, рыба, говядина, картошка, свинина
кардинал	кардинал.1	архиепископ, епископ, император, философ, король
кардинал	кардинал.2	герцог, кардинала, кардиналу, маркиз, кардиналом
кардинал	кардинал.3	волк, костюм, призрак, Волк, жеребец
карта	карта.1	карточка, папка, сумка, бумажка, шкатулка
карта	карта.2	книга, схема, диаграмма, фотография, фишка
карьера	карьера.1	жена, подруга, мать, сестра, невеста
карьера	карьера.2	репутация, миссия, биография, судьба, работа
катаклизм	катаклизм.1	кризис, скандал, коллапс, феномен, потоп
катастрофа	катастрофа.1	авария, трагедия, беда, буря, гроза
каша	каша.1	мука, мешанина, кутерьма, неразбериха, свалка
каша	каша.2	размазня, чепуха, бессмыслица, ерунда, белиберда
каша	каша.3	кашица, жижа, лужа, патока, паста
каша	каша.4	крупа, похлебка, лепешка, кашка, лапша
квалификация	квалификация.1	зарплата, репутация, оценка, специализация, цена
квалификация	квалификация.2	самооценка, температура, влажность, компетентность, скорострельность
квартира	квартира.1	комната, квартирка, спальня, дача, каюта
кварц	кварц.1	топаз, цвет, мрамор, кристалл, хрусталь
кинжал	кинжал.1	нож, меч, клинок, стилет, пистолет
кисель	кисель.1	сироп, суп, компот, сок, джем
кисель	кисель.2	туман, ил, гной, гриб, оттенок
кислота	кислота.1	вода, слюна, ржавчина, пена, жидкость
клетчатка	клетчатка.1	калий, кофеин, никотин, глюкоза, магний
клетчатка	клетчатка.2	аллергия, интоксикация, токсикоинфекция, наркомания, гипергликемия
клетчатка	клетчатка.3	добавка, диета, приправа, работа, информация
клетчатка	клетчатка.4	прослойка, вена, ткань, дистрофия, промышленность
клетчатка	клетчатка.5	пища, сода, картофелина, свекла, капуста
климат	климат.1	микроклимат, ландшафт, характер, пейзаж, кризис
климат	климат.2	загар, ветер, бриз, пляж, воздух
клуб	клуб.1	столб, клубы, шлейф, колечки, завиток
клуб	клуб.2	ресторан, бар, пансионат, пансион, магазин
клуб	клуб.3	рубашке, тиши, сорочке, вылазке, рубашки
клуб	клуб.4	матч, турнир, марафон, бал, чемпионат
клуб	клуб.5	кружок, колледж, форум, сленг, коллектив
клык	клык.1	Клык, Коготь, Зуб, Рог, Хребет
клык	клык.2	зуб, коготь, клинок, шип, бивень
ключ	ключ.1	доступ, путь, подход, подступ, допуск
ключ	ключ.2	ключи, ключик, отмычку, пистолет, револьвер
книга	книга.1	книжка, статья, брошюра, фраза, пьеса
книжка	книжка.1	книга, книжечка, книжица, сказка, статья
князь	князь.1	Князь, Магистр, Инквизитор, Мудрец, Могол
князь	князь.2	визирь, государь, магистр, боярин, княжич
коготь	коготь.1	Коготь, Глаз, Клюв, Зуб, Клык
коготь	коготь.2	клинок, клык, клюв, нож, кинжал
кожа	кожа.1	кожица, шерстка, шкура, шея, лысина
колдовство	колдовство.1	волшебство, чародейство, заклинание, заклятие, заклятье
количество	количество.1	число, скопление, множество, разнообразие, расстояние
кольцо	кольцо.1	перстень, браслет, цепочку, шляпу, наручники
кольцо	кольцо.2	колечко, ожерелье, колье, зеркало, полукольцо
команда	команда.1	семья, компания, группа, бригада, деревня
командир	командир.1	командиром, штурманом, замполитом, комсоргом, комиссаром
командир	командир.2	Командир, Командира, Командиром, Командиру, Штаб
командир	командир.3	бойцы, летчики, офицеры, военнослужащие, подразделения
командир	командир.4	танковые, стрелковые, механизированные, пехотные, штурмовые
командир	командир.5	генерал, контр, обер, вице, штабс
командир	командир.6	саперного, истребительного, штурмового, пулеметного, комендантского
командир	командир.7	командиру, комсорг, замполит, комиссар, военком
командир	командир.8	командующий, командуя, командовавший, командование, командовавшего
комета	комета.1	звезда, молния, птица, стрела, звездочка
компания	компания.1	компашка, семейка, вечеринка, парочка, работа
компания	компания.2	троица, фирма, семья, команда, четверка
комплекс	комплекс.1	центр, спектр, блок, модуль, отсек
компьютер	компьютер.1	телевизор, магнитофон, комп, диктофон, кондиционер
конфликт	конфликт.1	спор, разлад, разрыв, скандал, антагонизм
конфликт	конфликт.2	разногласия, конфликты, противоречия, трения, раздоры
конфликт	конфликт.3	противоречие, столкновение, различие, расхождение, соперничество
конфликт	конфликт.4	ссору, размолвку, драку, конфронтацию, распрю
концерт	концерт.1	спектакль, бал, банкет, пир, обед
коньяк	коньяк.1	водку, вино, шампанское, пиво, чай
корабль	корабль.1	катер, самолет, вертолет, флот, челнок
костюм	костюм.1	пиджак, костюмчик, сюртук, комбинезон, жакет
кошка	кошка.1	собака, кошечка, крыса, пантера, птица
кошка	кошка.2	футболка, майка, куртка, шляпа, шерстка
краситель	краситель.1	цвет, пигмент, оттенок, лак, окрас
краситель	краситель.2	желатин, крахмал, каучук, корм, мед
краситель	краситель.3	йод, аммиак, фосфор, холестерин, кальций
краситель	краситель.4	продукт, препарат, фермент, ингредиент, материал
краска	краска.1	штукатурка, кровь, помада, позолота, косынка
красный	красный.1	желтый, зеленый, синий, алый, оранжевый
красота	красота.1	грация, чистота, красавица, простота, доброта
крахмал	крахмал.1	желатин, сахар, дрожжи, уксус, муку
крахмал	крахмал.2	холестерин, углеводы, жиры, кальций, кофеин
кризис	кризис.1	спад, коллапс, застой, подъем, конфликт
критерий	критерий.1	принцип, показатель, фактор, аргумент, ориентир
критерий	критерий.2	прописные, азбучные, непреложные, вечные, абсолютные
кровь	кровь.1	грязь, пот, пену, тушь, краску
кровь	кровь.2	ярость, злость, злоба, обида, боль
кровь	кровь.3	молоко, нектар, сок, водку, соки
кровь	кровь.4	ручьем, ручьями, рекой, фонтаном, струей
кровь	кровь.5	вода, слюна, пена, краска, сперма
круг	круг.1	спектр, диапазон, проход, коридор, сферу
круг	круг.2	полукруг, крут, кружок, квадрат, прямоугольник
круг	круг.3	вираж, разворот, пируэт, виток, цикл
круг	круг.4	дугу, окружность, петлю, круги, цепь
крыло	крыло.1	полушарие, бедро, плечо, колено, крылышко
крыса	крыса.1	кошка, мышь, собака, обезьяна, свинья
куб	куб.1	шар, цилиндр, прямоугольник, параллелепипед, цилиндрик
кулак	кулак.1	кулачок, кулаки, меч, топор, кулачки
культура	культура.1	цивилизация, литература, поэзия, философия, традиция
купец	купец.1	бизнесмен, торговец, коммерсант, дворянин, крестьянин
куртка	куртка.1	курточка, безрукавка, жилетка, рубашка, рубаха
куст	куст.1	кусты, кусте, заросли, кустах, зарослях
куст	куст.2	сироп, сок, кисель, отвар, джем
куст	куст.3	кустик, кустарник, дуб, цветок, бутон
кустарник	кустарник.1	подлесок, ельник, лес, бурьян, камыш
кустарник	кустарник.2	человечек, мужичонка, мужичок, брюнет, шатен
лавка	лавка.1	лавочка, мастерская, фабрика, скамья, лавчонка
легкий	легкий.1	слабый, легчайший, тихий, негромкий, резкий
легкий	легкий.2	прохладный, нежный, свежий, неприятный, приятный
ли	ли.1	различимо, удержался, умри, начавшись, слышно
ли	ли.2	ль, лн, рассказать, напоминать, морочить
ли	ли.3	поделать, выговорить, воскликнуть, выдохнуть, угомониться
ли	ли.4	оказаться, быть, статься, находиться, пострадать
ли	ли.5	же, именно, б, , что
лилия	лилия.1	роза, звезда, орхидея, гвоздика, цапля
линия	линия.1	полоса, черточка, точка, полоска, складка
линия	линия.2	станция, стратегия, черта, наводка, позиция
литература	литература.1	культура, поэзия, интеллигенция, проза, наука
лихорадка	лихорадка.1	суматоха, суета, давка, бомбежка, кутерьма
лихорадка	лихорадка.2	горячка, малярия, депрессия, тошнота, рвота
лихорадка	лихорадка.3	роза, рыбка, клетка, медаль, змейка
личность	личность.1	индивидуальность, сущность, реальность, натуру, ценность
личность	личность.2	особа, натура, фигура, персона, вещь
лишение	лишение.1	унижение, оскорбление, стеснение, потрясение, разочарование
лишение	лишение.2	водительские, авторские, имущественные, гражданские, исключительные
лишение	лишение.3	лишением, ограничение, лишили, лишению, ущемление
лишение	лишение.4	удостоенный, вручение, присуждение, удостоенного, удостоена
логика	логика.1	интуиция, арифметика, психология, красота, закономерность
логика	логика.2	наблюдательность, вежливость, солидарность, порядочность, расчетливость
лодка	лодка.1	шлюпка, яхта, лодочка, ладья, моторка
лопух	лопух.1	идиот, болван, кретин, дурак, придурок
лопух	лопух.2	подорожник, одуванчик, папоротник, чистотел, огурец
лук	лук.1	арбалет, меч, автомат, посох, винтовку
лук	лук.2	чеснок, морковь, картофель, сельдерей, петрушку
луна	луна.1	звезда, Луна, заря, радуга, звездочка
любовь	любовь.1	страсть, привязанность, ненависть, нежность, жалость
маг	маг.1	волшебник, воин, колдун, чародей, эльф
магия	магия.1	метка, смородина, кошка, дыра, пантера
магия	магия.2	сила, волшба, техника, стихия, химия
мама	мама.1	мать, бабушка, жена, сестра, подруга
мама	мама.2	она, Наташа, Катя, Маша, Лена
масса	масса.1	причина, цель, задача, функция, тема
масса	масса.2	куча, уйма, множество, прорва, много
масса	масса.3	бездна, субстанция, толпа, кашица, громада
мастерство	мастерство.1	искусство, дарование, мужество, ремесло, чутье
масштаб	масштаб.1	размах, размер, смысл, трагизм, объем
масштаб	масштаб.2	скорость, громкость, амплитуду, яркость, дозу
масштаб	масштаб.3	масштабы, масштабность, размеры, грандиозность, важность
математик	математик.1	ученый, физик, философ, писатель, поэт
материал	материал.1	инструмент, объект, документ, опыт, экспонат
материя	материя.1	субстанция, ткань, оболочка, бумага, пленка
материя	материя.2	природа, энергия, Вселенная, вселенная, сила
мать	мать.1	мама, жена, бабушка, сестра, подруга
мать	мать.2	маму, сестру, жену, бабушку, подругу
машина	машина.1	карета, повозка, коляска, двуколка, телега
мебель	мебель.1	обувь, одежду, технику, аппаратуру, еду
мебель	мебель.2	утварь, одежда, посуда, кровать, кушетка
мебель	мебель.3	трость, софу, кушетку, посуду, скамью
мебель	мебель.4	стулья, столы, акценты, фишки, ноги
мед	мед.1	сахар, сметану, соль, желатин, майонез
мед	мед.2	нектар, уксус, кефир, сироп, воск
медицина	медицина.1	наука, психиатрия, цивилизация, психология, техника
мелочь	мелочь.1	деталь, ерунда, дребедень, живность, подробность
мелочь	мелочь.2	копейку, пылинку, минуту, черточку, песчинку
мелочь	мелочь.3	монеты, медяки, наличность, сдачу, купюры
мелочь	мелочь.4	ерунду, мелочевку, чепуху, белиберду, мелочовку
мероприятие	мероприятие.1	предприятие, событие, действо, учреждение, занятие
металл	металл.1	камень, свинец, чугун, асфальт, воск
металл	металл.2	клинок, кинжал, нож, скальпель, ствол
металл	металл.3	колокольчик, гонг, трамвай, колокол, колокольчиком
метод	метод.1	прием, подход, способ, термин, принцип
мех	мех.1	ворс, ковер, шелк, пушок, мох
механизм	механизм.1	инструмент, процесс, принцип, прием, рефлекс
механизм	механизм.2	прибор, аппарат, агрегат, рычаг, крючок
механик	механик.1	инженер, врач, лейтенант, офицер, артиллерист
меч	меч.1	клинок, кинжал, нож, саблю, топор
минерал	минерал.1	камень, кристалл, металл, кварц, самоцвет
минерал	минерал.2	феномен, артефакт, документ, экспонат, материал
млекопитающее	млекопитающее.1	животное, существо, насекомое, пресмыкающееся, растение
мозг	мозг.1	плавник, позвоночник, сустав, хрящ, позвонок
мозг	мозг.2	разум, организм, ум, рассудок, муж
мозг	мозг.3	убор, болью, боли, дозор, обтекатель
мозг	мозг.4	компьютер, двигатель, офис, процессор, коммуникатор
мозг	мозг.5	интеллект, череп, род, геном, скелет
мозг	мозг.6	мозги, слух, бицепс, извилины, зрение
молитва	молитва.1	трапеза, месса, мольба, вера, литургия
моллюск	моллюск.1	спрут, зверь, червяк, гриб, червь
монгол	монгол.1	воин, мужчина, человек, казах, китаец
монета	монета.1	монетка, серьга, купюра, корона, медаль
монета	монета.2	колония, валюта, культура, буржуазия, нация
мотив	мотив.1	мотивчик, сюжет, аргумент, повод, напев
мотоцикл	мотоцикл.1	автомобиль, джип, грузовик, машину, велосипед
мошка	мошка.1	мошкара, муха, бабочка, оса, букашка
мощь	мощь.1	силу, сила, энергию, мощность, жестокость
мощь	мощь.2	выправка, подготовка, доктрина, выучка, разведка
муж	муж.1	отец, супруг, брат, жених, приятель
мужчина	мужчина.1	мужик, парень, брюнет, блондин, крепыш
музыка	музыка.1	улыбка, тишина, истома, теплота, насмешка
музыка	музыка.2	канонада, стрельба, пальба, сирена, ругань
музыка	музыка.3	мелодия, песня, песенка, музычка, колыбельная
музыка	музыка.4	гармошка, гитара, скрипка, флейта, гармонь
мука	мука.1	пытка, каша, пустота, духота, агония
мука	мука.2	крупа, лепешка, Мука, солома, сметана
мука	мука.3	тоска, скука, печаль, грусть, боль
мускул	мускул.1	атом, винтик, изгиб, закоулок, стежок
мускул	мускул.2	дюйм, сантиметр, миллиметр, метр, вершок
мускул	мускул.3	мускулов, мышц, мускулатурой, мышце, мышцах
мускул	мускул.4	провод, канат, тросик, трос, шнур
мускул	мускул.5	нерв, кадык, бицепс, волосок, сустав
муха	муха.1	оса, пчела, птица, мошка, бабочка
мысль	мысль.1	идею, догадку, гипотезу, тему, версию
мысль	мысль.2	идея, догадка, мыслишка, новость, фраза
мышца	мышца.1	артерия, клеточка, жилка, вена, косточка
мышца	мышца.2	кость, диафрагма, шея, спина, щека
мясо	мясо.1	сало, баранину, яйцо, ветчину, печенье
наблюдение	наблюдение.1	следить, наблюдать, присматривать, ухаживать, приглядывать
наблюдение	наблюдение.2	замечание, сравнение, умозаключение, исследование, соображение
наблюдение	наблюдение.3	слежение, слежку, расследование, борьбу, патрулирование
наблюдение	наблюдение.4	надзор, контроль, присмотр, уход, наблюдением
навык	навык.1	опыт, рефлекс, инструмент, компонент, урок
награда	награда.1	плата, премия, компенсация, пенсия, расплата
нападение	нападение.1	покушение, вторжение, атаку, наступление, посягательство
напасть	напасть.1	посягнуть, покуситься, наброситься, нападать, взойти
напиток	напиток.1	коктейль, чай, коньяк, ликер, кофе
народ	народ.1	национализм, люд, язык, писатель, националист
насекомое	насекомое.1	шипение, кудахтанье, бульканье, кваканье, хрюканье
насекомое	насекомое.2	животное, существо, чудовище, пресмыкающееся, растение
наследственность	наследственность.1	примета, погода, привычка, репутация, новость
наука	наука.1	медицина, литература, психология, культура, цивилизация
нация	нация.1	страна, армия, культура, держава, раса
начальник	начальник.1	Начальник, Начальника, Начальником, Начальнику, Сотрудник
начальник	начальник.2	преподаватель, выпускник, профессор, выпускником, аспирант
начальник	начальник.3	Генерального, генерального, Главного, КРО, ГРУ
начальник	начальник.4	Оперативного, Специального, убойного, Особого, контрразведывательного
начальник	начальник.5	начальником, шефом, сотрудником, начальницей, руководителем
начальник	начальник.6	замначальника, начальнику, шеф, руководитель, сотрудник
необходимость	необходимость.1	надобность, нужда, целесообразность, реальность, неизбежность
необходимость	необходимость.2	потребность, резь, уверенность, нужду, неуверенность
необходимость	необходимость.3	требующие, требующих, требующим, требующий, требующая
необходимость	необходимость.4	основе, ниве, путях, стадии, примере
несчастье	несчастье.1	несчастие, счастье, неосторожность, бедствие, чудо
нетерпение	нетерпение.1	беспокойство, волнение, раздражение, отчаяние, любопытство
нога	нога.1	рука, лодыжка, ступня, щека, коленка
нога	нога.2	жена, мать, мама, дочь, совесть
нога	нога.3	ножка, лопатка, туфля, фара, лыжа
нож	нож.1	кинжал, меч, клинок, пистолет, топор
ножка	ножка.1	нога, ручка, фигурка, шейка, шея
номер	номер.1	высоту, обороты, скорость, справочную, разбег
номер	номер.2	обед, разговор, банкет, ужин, прием
номер	номер.3	код, нумер, люкс, номерок, адрес
номер	номер.4	номера, сотового, мобильного, спутникового, номером
норма	норма.1	доза, ставка, процедура, форма, основа
нос	нос.1	носик, лоб, подбородок, носы, переносицу
нос	нос.2	клюв, форштевень, бушприт, киль, хоботок
нос	нос.3	уздцы, дых, псевдонимом, присягой, микроскопом
ночью	ночью.1	вечером, утром, днем, поутру, вечеромъ
ночью	ночью.2	полночью, погоде, погодой, погоды, слякоти
ночью	ночью.3	зимой, осенью, весной, неделе, осени
ночью	ночью.4	дыре, расщелине, ложбине, яме, нише
ночью	ночью.5	депрессии, древности, задумчивости, печали, медитации
ночью	ночью.6	затемно, пораньше, спозаранку, спозаранок, рано
ночью	ночью.7	ночи, поре, вечеринке, инкарнации, ночкой
ночью	ночью.8	ночами, нагишом, босиком, вечерами, полночи
нрав	нрав.1	характер, норов, темперамент, лад, задор
нрав	нрав.2	тон, вид, смех, оскал, прищур
нрав	нрав.3	поступок, мальчишка, народец, зверь, юнец
обезьяна	обезьяна.1	крыса, кошка, тварь, свинья, скотина
оборудование	оборудование.1	снаряжение, устройство, оснащение, вооружение, приспособление
образ	образ.1	уклад, стиль, ритм, образъ, облик
образ	образ.2	промысел, Дух, храм, Промысл, Промысел
обстановка	обстановка.1	ситуация, атмосфера, конъюнктура, среда, погода
общество	общество.1	государство, сообщество, правительство, законодательство, искусство
объединение	объединение.1	соединение, единство, сообщество, воссоединение, сплочение
одежда	одежда.1	рубашка, куртка, рубаха, футболка, туника
ожерелье	ожерелье.1	колье, кольцо, колечко, украшение, платье
ожерелье	ожерелье.2	браслет, пенсне, цепочку, бюстгальтер, бусы
ожог	ожог.1	ожоги, рану, ссадину, ранку, царапину
ожог	ожог.2	ушиб, жар, шок, озноб, дискомфорт
ожог	ожог.3	шрам, порез, синяк, рубец, кровоподтек
опасность	опасность.1	угрозу, угроза, ценность, трудность, беда
опасность	опасность.2	подвох, неладное, недоброе, усталость, фальшь
операция	операция.1	акция, процедура, работа, поездка, экспедиция
опухоль	опухоль.1	сотрясение, отек, рак, воспаление, опухоли
опухоль	опухоль.2	припухлость, гематома, шишка, киста, язва
опухоль	опухоль.3	шишку, гематому, бородавку, язву, вмятину
опухоль	опухоль.4	аппендикс, почку, аппендицит, гланды, кисту
опыт	опыт.1	стаж, навык, вклад, потенциал, материал
орган	орган.1	аппарат, чиновник, комитет, механизм, акт
организация	организация.1	структура, программа, группировка, идеология, пропаганда
орден	орден.1	колледж, сан, постриг, турнир, чин
орден	орден.2	орденом, орденами, Орденом, Орденами, медалью
орден	орден.3	Орден, монастырь, костел, собор, аббатство
орден	орден.4	медаль, приз, премию, награду, Медаль
орден	орден.5	крест, Крест, доспех, клобук, шлем
орудие	орудие.1	орудия, орудии, орудием, пушки, орудиях
орудие	орудие.2	ружье, пушку, винтовку, пистолет, пулемет
орудие	орудие.3	оружие, средство, вооружение, приспособление, оборудование
орудие	орудие.4	мотив, нераскрытые, соучастник, Орудие, соучастника
орудие	орудие.5	заказные, массовые, ритуальные, преднамеренного, серийные
оружие	оружие.1	орудие, снаряжение, вооружение, оборудование, лекарство
оружие	оружие.2	ружье, пистолет, револьвер, копье, пистолеты
отвращение	отвращение.1	недоверие, презрение, омерзение, уважение, сострадание
отец	отец.1	муж, дед, папа, брат, дедушка
отец	отец.2	отче, старец, игумен, архимандрит, святой
открытие	открытие.1	событие, зрелище, известие, обстоятельство, изобретение
отношение	отношение.1	значение, влияние, впечатление, право, воздействие
отношение	отношение.2	касательство, пристрастие, обращение, уважение, презрение
отчаяние	отчаяние.1	изумление, бешенство, волнение, разочарование, нетерпение
офицер	офицер.1	сержант, лейтенант, полковник, майор, летчик
охота	охота.1	облава, драка, битва, война, погоня
охота	охота.2	захочется, хочется, хотца, хочу, вредно
охрана	охрана.1	сиделка, секретарша, медсестра, горничная, няня
охрана	охрана.2	стража, гвардия, защита, прислуга, свита
ощущение	ощущение.1	чувство, предчувствие, зрелище, впечатление, видение
палец	палец.1	пальчик, ладонь, руку, мизинец, перст
палочка	палочка.1	палка, трубочка, трубка, флейта, шкатулка
папа	папа.1	Папа, император, понтифик, патриций, сенат
папа	папа.2	отец, муж, дедушка, дед, брат
папа	папа.3	святитель, святой, епископ, пресвитер, апостол
папоротник	папоротник.1	сирень, черемуха, сакура, липа, вишня
папоротник	папоротник.2	кустарник, вереск, шиповник, тростник, камыш
партия	партия.1	идеология, фракция, пропаганда, оппозиция, революция
паук	паук.1	жук, зверь, червяк, дракон, таракан
переживание	переживание.1	событие, потрясение, явление, ощущение, наслаждение
персонал	персонал.1	медперсонал, работник, коллектив, экипаж, эксперт
перстень	перстень.1	браслет, кулон, медальон, перстенек, обруч
пилот	пилот.1	летчик, разведчик, стрелок, боец, воин
пирог	пирог.1	торт, кекс, пудинг, пирожок, рулет
писатель	писатель.1	поэт, ученый, философ, историк, композитор
питание	питание.1	освещение, кормление, образование, самочувствие, воспитание
питание	питание.2	отопление, электропитание, электричество, зажигание, сигнализацию
пища	пища.1	еда, закуска, жратва, диета, приправа
пища	пища.2	похлебка, свинина, баранина, рыба, картошка
планета	планета.1	страна, деревня, галактика, Галактика, вселенная
плащ	плащ.1	халат, пиджак, жакет, камзол, сюртук
плод	плод.1	порождение, проекция, основа, следствие, вершина
плод	плод.2	фрукт, персик, результат, продукт, помидор
поведение	поведение.1	предложение, времяпрепровождение, присутствие, предположение, объяснение
повреждение	повреждение.1	ранение, сотрясение, увечье, препятствие, упущение
повреждение	повреждение.2	повреждения, поломку, неполадки, неполадку, неисправность
погода	погода.1	погодка, слышимость, обстановка, еда, новость
погода	погода.2	осень, жара, теплынь, зима, морось
подвиг	подвиг.1	преступление, проступок, ошибку, самоубийство, невозможное
подвиг	подвиг.2	поступок, героизм, труд, энтузиазм, долг
подготовка	подготовка.1	тяга, готовность, неподготовленность, апелляция, близость
подготовка	подготовка.2	выучка, техника, тренировка, работа, закалка
поиск	поиск.1	поиски, полет, преследование, розыск, расследование
поиск	поиск.2	отыскание, выявление, добывание, получение, поиске
политик	политик.1	бизнесмен, дипломат, писатель, журналист, полководец
политика	политика.1	стратегия, экспансия, позиция, реформа, элита
полководец	полководец.1	военачальник, поэт, стратег, политик, воин
положение	положение.1	состояние, положеніе, место, поведение, значение
попугай	попугай.1	дракон, голубь, скворец, ворон, кот
попугай	попугай.2	попугайчик, горошек, ковер, какаду, шарф
последствие	последствие.1	следствие, результат, продолжение, последствия, событие
пособие	пособие.1	жалованье, вознаграждение, жалование, вспомоществование, довольствие
пособие	пособие.2	зарплату, пенсию, проценты, стипендию, алименты
постройка	постройка.1	пристройка, башня, хижина, конструкция, башенка
поступок	поступок.1	проступок, подвиг, фарс, жест, розыгрыш
поступок	поступок.2	человек, юноша, эгоист, рыцарь, трус
посуда	посуда.1	ваза, утварь, чернильница, тарелка, ложечка
потребность	потребность.1	вовлеченность, активность, ценность, неполноценность, включенность
потребность	потребность.2	необходимость, уверенность, неуверенность, резь, нужду
походка	походка.1	собранность, умиротворенность, самоуверенность, плавность, угловатость
походка	походка.2	осанка, поступь, поза, грация, улыбка
поэт	поэт.1	писатель, художник, философ, композитор, ученый
правило	правило.1	привилегию, неумение, нежелания, неумения, нежелание
правило	правило.2	условие, требование, понятие, соображение, обстоятельство
правительство	правительство.1	посольство, государство, консульство, командование, руководство
правление	правление.1	государство, правительство, общество, руководство, управление
правление	правление.2	царствование, свите, жизнеописании, присутствии, эпоху
праздник	праздник.1	бал, пир, банкет, пикник, карнавал
предприятие	предприятие.1	мероприятие, начинание, учреждение, путешествие, предпринимательство
препарат	препарат.1	наркотик, метод, стимулятор, антибиотик, яд
препятствие	препятствие.1	затруднение, испытание, осложнение, неудобство, преимущество
пресмыкаться	пресмыкаться.1	преклоняться, унижаться, заискивать, предстать, склониться
преступность	преступность.1	пиратство, взяточничество, пьянство, инакомыслие, казнокрадство
преступность	преступность.2	культура, литература, оппозиция, политика, психология
преступность	преступность.3	банда, проститутка, шпана, шлюха, шваль
преступность	преступность.4	напряженность, неуверенность, сексуальность, влюбленность, панику
преступность	преступность.5	коррупцию, проституцию, безграмотность, анархию, безнравственность
преступность	преступность.6	проституция, коррупция, наркомания, торговля, анархия
преступность	преступность.7	безработица, смертность, рождаемость, инфляция, заболеваемость
прибор	прибор.1	аппарат, инструмент, компьютер, приемник, сканер
привычка	привычка.1	манера, примета, шутка, традиция, выучка
привычка	привычка.2	тяга, антипатия, нелюбовь, привязанность, склонность
привычка	привычка.3	приучена, вынуждена, склонна, настроена, обязана
привязанность	привязанность.1	любовь, неприязнь, склонность, страсть, симпатию
прием	прием.1	трюк, метод, маневр, приемчик, термин
прием	прием.2	банкет, бал, пир, ужин, обед
призрак	призрак.1	монстр, демон, ангел, Призрак, маньяк
призрак	призрак.2	шепот, вопль, шепоток, рык, всхлип
призрак	призрак.3	мираж, силуэт, фантом, кошмар, сон
пример	пример.1	противоположность, противовес, назидание, угоду, пику
пример	пример.2	эпизод, отрывок, примеры, вариант, образчик
примета	примета.1	поговорка, шутка, новость, привычка, наследственность
принадлежность	принадлежность.1	идентичность, солидарность, общность, рознь, обособленность
принадлежность	принадлежность.2	причастность, склонность, нетерпимость, предрасположенность, неприязнь
прическа	прическа.1	стрижка, одежда, поза, идея, походка
прическа	прическа.2	шляпка, челка, шевелюра, шляпа, бородка
причина	причина.1	проблема, цель, трудность, задача, ошибка
проблема	проблема.1	трудность, задача, тема, загвоздка, дилемма
прогулка	прогулка.1	поездка, пробежка, экскурсия, беседа, разминка
продажа	продажа.1	продажей, перепродажей, сбытом, скупкой, продавцом
продажа	продажа.2	распродажа, сделка, встреча, передача, кража
продажа	продажа.3	покупка, продажу, скупка, продажи, конфискация
продажа	продажа.4	Продажа, Покупка, Доставка, Приобретение, Опись
продукт	продукт.1	результат, товар, ресурс, плод, материал
продукция	продукция.1	работа, фирма, промышленность, индустрия, техника
проект	проект.1	план, эксперимент, замысел, документ, характер
проекция	проекция.1	матрица, сфера, картинка, голограмма, плод
происхождение	происхождение.1	предназначение, гражданство, общество, наречие, произношение
профессия	профессия.1	работа, специальность, вещь, штука, тема
профессор	профессор.1	историк, биолог, литературовед, реформатор, зоолог
профессор	профессор.2	прикладной, сравнительной, молекулярной, экспериментальной, неклассической
профессор	профессор.3	преподаватель, выпускник, доцент, ректор, профессора
профессор	профессор.4	Северус, Основы, Институт, Учебник, Преподаватель
процедура	процедура.1	операция, церемония, практика, сцена, история
процесс	процесс.1	феномен, характер, факт, цикл, метод
процесс	процесс.2	процессе, процессах, стадии, ходе, методах
пряность	пряность.1	приправа, асана, методика, процедура, тема
пряность	пряность.2	сладость, пикантность, прелесть, элегантность, привлекательность
пряность	пряность.3	пищу, руду, еду, пушнину, нефть
психотерапия	психотерапия.1	терапия, психология, философия, антропология, медицина
птица	птица.1	птичка, бабочка, чайка, сова, птаха
пулемет	пулемет.1	вязки, клади, гранатой, лебедкой, выделки
пулемет	пулемет.2	автомат, гранатомет, миномет, арбалет, карабин
пулемет	пулемет.3	пулемета, пулеметы, пулеметом, пулеметами, пулеметов
пулемет	пулемет.4	мотор, мотоцикл, двигатель, проектор, насос
пулемет	пулемет.5	танк, пулеметчик, бомбардировщик, бронепоезд, самолет
пункт	пункт.1	этап, пост, параграф, рубеж, модуль
путешествие	путешествие.1	плавание, странствие, восхождение, приключение, плаванье
путешествие	путешествие.2	поездку, прогулку, экскурсию, полет, поход
путь	путь.1	стезю, пути, ниве, путях, алтарь
путь	путь.2	дорогу, тропу, тропинку, дорожку, тропку
путь	путь.3	маршрут, полет, спуск, доступ, перелет
путь	путь.4	проход, проезд, коридор, фарватер, туннель
пушка	пушка.1	гаубица, винтовка, артиллерия, мортира, батарея
пушка	пушка.2	пушкой, пушки, пушек, пушками, пушке
работа	работа.1	задача, профессия, работенка, миссия, игра
работник	работник.1	сотрудник, специалист, руководитель, чиновник, функционер
работник	работник.2	персонал, деятель, актив, центр, институт
рабочий	рабочий.1	десятый, одиннадцатый, третий, пятый, девятый
рабочий	рабочий.2	операционный, служебный, директорский, письменный, массажный
рабочий	рабочий.3	правящий, господствующий, средний, креативный, привилегированный
рабочий	рабочий.4	съемочный, завтрашний, выходной, Судный, базарный
разведка	разведка.1	контрразведка, авиация, армия, агентура, дипломатия
разговор	разговор.1	спор, диалог, рассказ, поединок, допрос
разговор	разговор.2	беседу, дискуссию, переговоры, игру, перепалку
размах	размах.1	масштаб, резонанс, вес, успех, энтузиазм
размер	размер.1	этаж, класс, ярус, год, километр
размер	размер.2	увеличение, повышение, уменьшение, снижение, сокращение
размер	размер.3	диаметр, вес, калибр, возраст, объем
размер	размер.4	величина, сумма, толщину, величину, длину
размер	размер.5	выплата, выплату, выплате, уплата, получение
разница	разница.1	дистанция, проблема, различие, корреляция, разность
разум	разум.1	ум, организм, интеллект, эгоизм, облик
разум	разум.2	рассудок, сознание, самообладание, самоконтроль, равновесие
разум	разум.3	мозг, отец, муж, собеседник, приятель
ракета	ракета.1	стрела, торпеда, граната, бомба, пуля
рана	рана.1	травма, авария, ошибка, тайна, сцена
рана	рана.2	схватка, бойня, сеча, резня, свалка
рана	рана.3	болезнь, обида, контузия, депрессия, усталость
рана	рана.4	ранка, царапина, ссадина, язва, пробоина
рана	рана.5	лодыжка, нога, коленка, спина, шея
раса	раса.1	цивилизация, нация, каста, страна, планета
растение	растение.1	животное, дерево, существо, насекомое, вещество
растительность	растительность.1	поросль, зелень, трава, живность, флора
реакция	реакция.1	атака, позиция, разрядка, тактика, предосторожность
ребенок	ребенок.1	малыш, мальчик, младенец, мальчишка, щенок
ребенок	ребенок.2	сын, пациент, муж, клиент, внук
революция	революция.1	литература, война, Революция, культура, катастрофа
результат	результат.1	эффект, продукт, следствие, успех, ответ
река	река.1	речка, речушка, вода, Темза, Нева
религия	религия.1	вера, культура, мифология, традиция, философия
ремесло	ремесло.1	искусство, занятие, мастерство, дело, призвание
рептилия	рептилия.1	тварь, ящерица, змея, птица, обезьяна
репутация	репутация.1	жена, мать, подруга, сестра, невеста
репутация	репутация.2	карьера, семья, примета, слава, погода
родственник	родственник.1	рейс, космос, бомбардировщик, Восток, заброс
родственник	родственник.2	родич, племянник, сосед, брат, предок
родственник	родственник.3	холостяк, вельможа, крестьянин, сановник, помещик
родственник	родственник.4	гастроном, бархан, супермаркет, лесок, райцентр
рожа	рожа.1	морда, физиономия, харя, образина, мордочка
роза	роза.1	лилия, орхидея, гвоздика, звезда, лента
рост	рост.1	забор, сугроб, холм, постамент, утес
рост	рост.2	спад, прирост, подъем, взлет, упадок
рост	рост.3	снижение, увеличение, повышение, сокращение, уменьшение
рубашка	рубашка.1	рубаха, сорочка, блузка, футболка, майка
руда	руда.1	пластина, монета, проволока, пластинка, дорога
ружье	ружье.1	винтовку, автомат, оружие, пистолет, карабин
рука	рука.1	жена, спутница, собеседница, противница, подруга
рука	рука.2	нога, щека, ступня, лапа, ладонь
руководитель	руководитель.1	сотрудник, начальник, глава, директор, руководителю
руководитель	руководитель.2	Руководитель, Начальник, Сотрудник, Руководителем, Начальнику
ручка	ручка.1	рукоятка, ножка, ладошка, фигурка, авторучка
рыба	рыба.1	рыбка, рыбина, щука, рыбешка, птица
рыба	рыба.2	говядина, свинина, баранина, курица, камбала
сад	сад.1	пирог, сок, компот, джем, ликер
сад	сад.2	парк, садик, луг, двор, палисадник
салат	салат.1	суп, омлет, паштет, пирог, салатик
самолет	самолет.1	автомобиль, поезд, автобус, грузовик, мотоцикл
самолет	самолет.2	вертолет, истребитель, корабль, аэроплан, бомбардировщик
самообладание	самообладание.1	хладнокровие, спокойствие, терпение, мужество, здравомыслие
самообладание	самообладание.2	равновесие, рассудок, сознание, бдительность, самообладания
свадьба	свадьба.1	помолвка, встреча, коронация, вечеринка, сделка
свет	свет.1	ночник, фонарь, фонарик, лампу, прожектор
свет	свет.2	блик, луч, отсвет, отблеск, полусвет
свидетельство	свидетельство.1	свидетельства, сведения, данные, известия, справки
свидетельство	свидетельство.2	доказательство, подтверждение, представление, упоминание, уведомление
свобода	свобода.1	гармония, демократия, сила, анархия, автономия
свойство	свойство.1	качество, явление, событие, достоинство, обстоятельство
связь	связь.1	переписка, дружба, договоренность, вражда, конфронтация
связь	связь.2	радиосвязь, видеосвязь, трансляцию, сцепление, сигнализацию
связь	связь.3	нить, цепь, ниточка, пуповина, привязь
связь	связь.4	переписку, дружбу, беседу, торговлю, конфронтацию
связь	связь.5	сходство, разницу, различие, соответствие, различия
связь	связь.6	взаимосвязь, близость, зависимость, параллель, корреляция
связь	связь.7	контакт, контакты, сношения, соприкосновение, отношения
священник	священник.1	священнослужитель, монах, богослов, пастор, миссионер
сегодня	сегодня.1	туда, обедать, дальше, ужинать, куда–нибудь
сегодня	сегодня.2	сию, тотчас, сразу, тут, так
сегодня	сегодня.3	нынче, завтра, вчера, однажды, воскресным
сегодня	сегодня.4	прошлой, позапрошлой, минувшей, прошедшей, сегодняшней
сегодня	сегодня.5	увидимся, проснешься, просыпаешься, просыпаюсь, просыпался
сегодня	сегодня.6	сейчас, тогда, ведь, тоже, действительно
секира	секира.1	сабля, палица, дубинка, стрела, булава
секс	секс.1	трах, флирт, шопинг, поцелуй, характер
секс	секс.2	пиар, интернет, гей, стрип, фитнес
секс	секс.3	любовник, игрок, актер, специалист, стрелок
семья	семья.1	жена, мать, сестра, дочь, мама
семья	семья.2	страна, компания, команда, родня, деревня
семя	семя.1	отродье, семечко, зерно, племя, зернышко
семя	семя.2	сперму, лаву, желчь, рвоту, душу
серьга	серьга.1	сережка, заколка, диадема, булавка, люстра
сестра	сестра.1	мать, жена, дочь, подруга, мама
сила	сила.1	мощь, грация, доброта, теплота, жестокость
сила	сила.2	энергия, красота, субстанция, стихия, магия
симптом	симптом.1	симптомы, инфекционные, венерические, заразные, симптомом
симптом	симптом.2	признак, феномен, фактор, факт, эпизод
симптом	симптом.3	звоночек, звук, хрип, свист, треск
система	система.1	структура, программа, организация, реформа, схема
ситуация	ситуация.1	обстановка, картина, история, конъюнктура, процедура
склад	склад.1	складе, склады, складах, запас, закупку
склад	склад.2	магазин, магазинчик, арсенал, погреб, сарай
скорость	скорость.1	обороты, темп, высоту, громкость, амплитуду
скорость	скорость.2	одежду, туфли, обувь, одеяло, маску
скука	скука.1	тоска, усталость, печаль, тревога, апатия
слава	слава.1	молва, репутация, примета, весть, красота
слава	слава.2	Слава, Благодарение, Хвала, Молитесь, Молись
слава	слава.3	посвященный, посвященные, посвященных, посвященная, подобно
слава	слава.4	хвала, благодарение, молись, молитесь, молясь
слава	слава.5	воля, благость, кара, милость, десница
славянин	славянин.1	еврей, англичанин, ариец, горожанин, воин
сладость	сладость.1	прелесть, нежность, радость, мягкость, теплоту
сладость	сладость.2	жидкость, мякоть, жижу, слюну, патоку
сладость	сладость.3	горечь, грусть, истому, слабость, печаль
слово	слово.1	словечко, словцо, словосочетание, название, обещание
сложение	сложение.1	телосложение, тело, здоровье, тельце, сочетание
слой	слой.1	пласт, покров, ярус, этаж, палеолит
слой	слой.2	уровень, класс, предел, контекст, феномен
слуга	слуга.1	официант, лакей, дворецкий, раб, служитель
слуга	слуга.2	помазанник, агнец, Слуга, Агнец, глас
слуга	слуга.3	сын, муж, избранник, приятель, супруг
служба	служба.1	месса, операция, трапеза, учеба, литургия
служба	служба.2	техника, миссия, организация, база, дисциплина
служить	служить.1	послужить, являться, помогать, принадлежать, помочь
слух	слух.1	нюх, зрение, обоняние, память, извилины
слух	слух.2	слушок, молву, сплетню, дезинформацию, клевету
слух	слух.3	миф, рассказ, тезис, сюжет, билль
слух	слух.4	мускулы, мышцы, бицепс, бицепсы, ягодицы
слух	слух.5	весть, молва, известие, повсюду, информация
слух	слух.6	шепоток, сквознячок, шепот, звук, намек
слух	слух.7	газ, ток, секундомер, автопилот, микрофон
слух	слух.8	аппендицит, артрит, бронхит, ревматизм, геморрой
слух	слух.9	сыр, глотки, ростбиф, колбасу, хлеб
слух	слух.10	стилист, критик, любовник, тактик, эстет
случай	случай.1	предотвращение, грани, преодоление, подготовку, месте
случай	случай.2	эпизод, пожарный, инцидент, казус, факт
смерть	смерть.1	гибель, кончину, погибель, кончина, казнь
смех	смех.1	всхлипывания, всхлипы, смешки, стоны, аплодисменты
смех	смех.2	хохот, смешок, крик, стон, кашель
смех	смех.3	рыдания, зевоту, раздражение, тошноту, улыбку
смола	смола.1	лава, вода, пена, слюна, кровь
снаряд	снаряд.1	дивизион, полк, батальон, взвод, артполк
снаряд	снаряд.2	болт, заряд, дротик, фугас, выстрел
снаряд	снаряд.3	самолет, метеорит, истребитель, бомбардировщик, метеор
снаряжение	снаряжение.1	амуницию, чемоданы, рюкзаки, поклажу, экипировку
снаряжение	снаряжение.2	оборудование, обмундирование, оружие, имущество, вооружение
собака	собака.1	собачонка, кошка, псина, дворняжка, дворняга
собрание	собрание.1	Собрание, ополчение, достояние, вече, сословие
собрание	собрание.2	совещание, заседание, мероприятие, празднество, голосование
событие	событие.1	происшествие, открытие, явление, обстоятельство, зрелище
совесть	совесть.1	сознательность, мораль, порядочность, добродетель, нравственность
совесть	совесть.2	душа, интуиция, жена, мать, репутация
совесть	совесть.3	ностальгия, ревность, гордость, тревога, стыд
совесть	совесть.4	бессонница, жажда, изжога, подагра, одышка
советник	советник.1	помощник, секретарь, консультант, Советник, камергер
советник	советник.2	совет, агент, министр, чиновник, асессор
соединение	соединение.1	подразделение, слияние, взаимодействие, единение, объединение
создание	создание.1	существо, созданье, животное, дитя, насекомое
создание	создание.2	формирование, введение, разработку, поддержание, изготовление
сон	сон.1	кошмар, полусон, транс, отдых, покой
сон	сон.2	дрему, дремоту, сонливость, полудрему, дурноту
сооружение	сооружение.1	строение, здание, существо, зрелище, приспособление
состязание	состязание.1	пари, поединок, турнир, битву, гонку
состязание	состязание.2	соревнование, сражение, единоборство, соперничество, празднество
сосуд	сосуд.1	кувшин, флакон, кубок, горшок, пузырек
соус	соус.1	суп, сироп, маринад, бульон, отвар
сочетание	сочетание.1	зрелище, совпадение, сравнение, явление, соседство
специалист	специалист.1	эксперт, спец, профессионал, консультант, юрист
специя	специя.1	приправа, пряность, тема, асана, пища
спорт	спорт.1	учебу, поэзию, журналистику, юриспруденцию, медицину
спорт	спорт.2	туризм, футбол, хоккей, курорт, бейсбол
спорт	спорт.3	полк, батальон, корпус, разъезд, отряд
спорт	спорт.4	писатель, спортсмен, игрок, разведчик, революционер
способ	способ.1	лекарь, фехтовальщик, пловец, бегун, воин
способ	способ.2	способы, средство, способа, способу, способе
способ	способ.3	шанс, метод, вариант, выход, рецепт
способность	способность.1	склонность, восприимчивость, предрасположенность, чувствительность, привязанность
способность	способность.2	неспособность, умение, способности, умению, умением
среда	среда.1	обстановка, атмосфера, структура, политика, субстанция
ссылка	ссылка.1	аллюзия, заявка, каторга, ориентация, пародия
станок	станок.1	цех, прибор, компьютер, проигрыватель, станочек
старик	старик.1	старичок, мужчина, мужик, старикашка, старец
старость	старость.1	старушку, женщину, старуху, бабушку, развалину
старость	старость.2	шумок, Сталинградом, кайфом, конец, гипнозом
старость	старость.3	осень, смерть, зима, весна, жизнь
статья	статья.1	заметка, книга, рецензия, статейка, брошюра
стихия	стихия.1	сила, энергия, среда, буря, магия
сторона	сторона.1	половина, делегация, разведка, стена, дипломатия
сторона	сторона.2	нога, рука, штанина, щека, ноздря
страсть	страсть.1	ненависть, любовь, привязанность, тяга, склонность
страх	страх.1	ужас, стыд, испуг, трепет, гнев
страх	страх.2	робость, брезгливость, тошноту, тревогу, дурноту
стрела	стрела.1	пуля, игла, ракета, молния, торпеда
строение	строение.1	здание, сооружение, помещение, надгробие, дерево
структура	структура.1	система, организация, конструкция, субстанция, программа
стыд	стыд.1	страх, ужас, неловкость, восторг, голод
стыд	стыд.2	смущение, головокружение, облегчение, отвращение, разочарование
суд	суд.1	промысел, гнев, Промысел, дар, промысл
суд	суд.2	трибунал, Суд, судья, самосуд, Совет
судья	судья.1	мистер, миссис, мисс, доктор, капитан
судья	судья.2	суд, судия, арбитр, жрец, правитель
судья	судья.3	войны, рекорд, войне, закулисы, революции
суп	суп.1	кофе, чай, глинтвейн, напиток, пунш
суп	суп.2	борщ, бульон, салат, супчик, соус
сустав	сустав.1	позвоночник, позвонок, сгиб, нерв, лодыжку
сухарь	сухарь.1	сухарик, хлеб, круассан, хлебец, печенье
сухарь	сухарь.2	эгоист, негодяй, болван, мерзавец, ублюдок
существо	существо.1	создание, животное, чудовище, насекомое, созданье
сущность	сущность.1	природу, суть, ценность, субстанцию, реальность
сцена	сцена.1	картина, сценка, история, фраза, картинка
счастье	счастье.1	блаженство, наслаждение, счастие, несчастье, богатство
сын	сын.1	дочь, вдова, супруга, дочка, внучка
сын	сын.2	брат, внук, отец, племянник, муж
сын	сын.3	лейтенант, сержант, политрук, офицер, оперуполномоченный
сырье	сырье.1	оборудование, топливо, удобрение, вещество, снаряжение
сырье	сырье.2	продовольствие, нефть, провизию, фураж, товары
тактика	тактика.1	стратегия, позиция, методика, практика, схема
талант	талант.1	дар, гений, темперамент, интерес, артистизм
талант	талант.2	художник, артист, педагог, профессионал, стратег
танец	танец.1	вальс, пируэт, поцелуй, пляс, ритуал
тачка	тачка.1	машина, иномарка, повозка, коляска, телега
тачка	тачка.2	телка, штучка, игрушка, вещица, машинка
тварь	тварь.1	гадину, бестию, рептилию, ящерицу, скотину
тварь	тварь.2	скотина, гадина, дрянь, сука, сволочь
телефон	телефон.1	мобильник, коммуникатор, сотовый, мобильный, радиотелефон
телефон	телефон.2	блокнот, пистолет, пудреницу, бумажник, револьвер
тело	тело.1	сознание, сердце, естество, имя, дитя
тело	тело.2	тельце, туловище, лицо, существо, телосложение
телосложение	телосложение.1	сложение, тело, тельце, воспитание, сооружение
темперамент	темперамент.1	нрав, характер, талант, энтузиазм, норов
температура	температура.1	влажность, зарплата, самооценка, рождаемость, кислотность
температура	температура.2	планка, колокольня, гора, башня, ограда
теория	теория.1	гипотеза, версия, концепция, идея, догадка
терпение	терпение.1	самообладание, терпенье, мужество, великодушие, упорство
терпение	терпение.2	благоразумие, бдительность, сознание, выдержку, осторожность
техника	техника.1	технология, аппаратура, методика, электроника, наука
технология	технология.1	техника, методика, программа, схема, модель
ткань	ткань.1	материю, накидку, шаль, рубашку, простыню
ткань	ткань.2	материя, рубашка, рубаха, блузка, сорочка
товар	товар.1	продукт, груз, ширпотреб, товарец, материал
товар	товар.2	товары, провиант, продовольствие, недвижимость, пушнину
токсин	токсин.1	яд, препарат, наркотик, фермент, гормон
токсин	токсин.2	инсулин, токсины, газ, адреналин, пигмент
топор	топор.1	меч, нож, кинжал, клинок, топорик
торговец	торговец.1	торговцы, торгуя, торгующий, торгующие, торговал
торговец	торговец.2	купец, бизнесмен, коммерсант, спекулянт, делец
торговля	торговля.1	переписка, коммерция, спекуляция, беседа, борьба
торговля	торговля.2	политика, разведка, лавка, лавочка, держава
торговля	торговля.3	торговцы, торговец, торгуя, торгующие, торгует
тоска	тоска.1	печаль, ностальгия, скука, грусть, тревога
травма	травма.1	рана, контузия, болезнь, встряска, нагрузка
трагедия	трагедия.1	бойня, драка, резня, давка, буря
трагедия	трагедия.2	катастрофа, драма, беда, авария, неприятность
тракт	тракт.1	проселок, проспект, большак, шлях, бульвар
тракт	тракт.2	Тракт, вокзал, город, континент, материк
транспорт	транспорт.1	корабль, пароход, танкер, автотранспорт, автомобиль
тревога	тревога.1	печаль, паника, досада, обида, грусть
трофей	трофей.1	приз, подарок, сувенир, экспонат, груз
трофей	трофей.2	нож, рог, сверток, дробовик, молот
труд	труд.1	подвиг, груз, трактат, характер, недуг
труд	труд.2	смелость, обязанным, обязанной, обязанными, обязательство
у	у.1	интересующая, интересующий, интересующее, интересующие, интересующих
у	у.2	для, возле, подле, вместо, про
у	у.3	У, Для, Ради, …от, Про
у	у.4	избавь, избави, ждите, отвезите, храни
у	у.5	заставляет, одарит, защитит, избавит, утешит
у	у.6	отвезти, сопровождать, отпустить, полюбить, впустить
у	у.7	глупее, счастливее, поумнее, роднее, храбрее
у	у.8	уверяю, прошу, увижу, приглашаю, слушаю
убеждение	убеждение.1	опасение, подозрение, предубеждение, сожаление, неверие
убеждение	убеждение.2	мнение, предположение, верование, суждение, утверждение
уборка	уборка.1	репетиция, погрузка, чистка, стирка, проверка
уборка	уборка.2	уборке, уборкой, уборки, вывоз, уборку
уважение	уважение.1	почтение, доверие, отвращение, презрение, сочувствие
углевод	углевод.1	белок, углерод, протеин, мотив, спирт
углевод	углевод.2	экспромт, вымысел, абсурд, русак, суицид
угроза	угроза.1	насмешка, издевка, ирония, тревога, обида
угроза	угроза.2	опасность, проблема, причина, помеха, тайна
удар	удар.1	контрудар, пинок, выпад, апперкот, тычок
удобство	удобство.1	надежность, эффективность, простоту, оперативность, точность
удобство	удобство.2	преимущество, неудобство, значение, подспорье, удовольствие
уж	уж.1	скажи, скажите, поговорите, ошибаетесь, стоите
уж	уж.2	уже, ж, даже, ужь, б
уж	уж.3	горяч, молод, мягок, молода, быстр
уж	уж.4	поступлю, умру, заживем, погибну, появлюсь
уж	уж.5	смотри, смотрите, слушай, послушай, глядите
уж	уж.6	удачно, глупо, непохоже, складно, кстати
уж	уж.7	случится, повторюсь, повторю, сделаешь, повезет
уж	уж.8	запомни, учтите, предупреждаю, запомните, учти
ужас	ужас.1	страх, восторг, трепет, испуг, стыд
ужас	ужас.2	вопль, визг, стон, крик, вой
уже	уже.1	тоже, действительно, ведь, давно, просто
ужин	ужин.1	обед, завтрак, ленч, ланч, еду
ужин	ужин.2	чай, глинтвейн, кофе, грог, пунш
ужин	ужин.3	банкет, пир, фуршет, концерт, вечер
узел	узел.1	узелок, узлы, шнуровку, шнурок, шнурки
узел	узел.2	мешок, сверток, тюк, мешочек, рюкзак
указ	указ.1	дворец, штандарт, трон, венец, советник
указ	указ.2	декрет, Указ, манифест, рескрипт, эдикт
украшение	украшение.1	ожерелье, развлечение, блюдо, колье, кольцо
укрытие	укрытие.1	защиту, прикрытием, сенью, сень, защитой
укрытие	укрытие.2	убежище, прикрытие, пристанище, местечко, место
улыбка	улыбка.1	усмешка, ухмылка, полуулыбка, улыбочка, насмешка
умение	умение.1	позволяющие, неспособность, позволяющих, способные, позволяющий
умение	умение.2	неумение, умению, умением, умеющий, умения
упражнение	упражнение.1	задание, обстоятельство, асану, лекарство, занятие
уровень	уровень.1	этаж, класс, ярус, рост, потенциал
уровень	уровень.2	снижение, увеличение, повышение, степень, динамику
условие	условие.1	правило, требование, отличие, препятствие, обстоятельство
услуга	услуга.1	проблема, информация, просьба, консультация, страховка
успех	успех.1	резонанс, эффект, выигрыш, прогресс, авторитет
установка	установка.1	ориентация, позиция, батарея, пушка, программа
устройство	устройство.1	приспособление, оборудование, заклинание, учреждение, сооружение
утварь	утварь.1	посуда, чаша, чернильница, безделушка, брошь
утварь	утварь.2	посуду, вещицу, безделушку, вазу, чашу
утварь	утварь.3	мебель, снедь, живность, рухлядь, дребедень
уход	уход.1	собеседник, муж, отец, приятель, клиент
уход	уход.2	отъезд, присмотр, надзор, отход, отказ
ученый	ученый.1	физик, писатель, историк, философ, поэт
учитель	учитель.1	учительница, преподавательница, учителем, учителя, преподавателем
учитель	учитель.2	преподаватель, учебник, врач, адвокат, тренер
учитель	учитель.3	наставник, приятель, отец, муж, коллега
учреждение	учреждение.1	заведение, мероприятие, предприятие, образование, подразделение
факт	факт.1	эпизод, феномен, документ, инцидент, парадокс
факт	факт.2	негодяй, наглец, мерзавец, гад, хмырь
фамилия	фамилия.1	семья, профессия, вещица, песня, жена
фантазия	фантазия.1	выдумка, блажь, идея, затея, натура
фантазия	фантазия.2	мнительность, сентиментальность, страсть, веселость, гордыня
ферма	ферма.1	усадьба, вилла, деревня, дача, квартира
фермент	фермент.1	гормон, препарат, ингредиент, элемент, ген
фермент	фермент.2	пигмент, инсулин, ферменты, белок, протеин
фигура	фигура.1	тень, скала, туша, одежда, башня
фигура	фигура.2	фигурка, брюнетка, женщина, блондинка, личность
фигурка	фигурка.1	фигура, шейка, статуэтка, головка, ножка
фигурка	фигурка.2	брюнетка, блондинка, блондиночка, старушка, девчушка
физик	физик.1	ученый, писатель, химик, историк, математик
физиономия	физиономия.1	рожа, морда, мордочка, мордашка, харя
философия	философия.1	культура, литература, наука, поэзия, мифология
фирма	фирма.1	компания, контора, корпорация, страна, организация
фобия	фобия.1	аллергия, паранойя, проблема, болезнь, привычка
фонд	фонд.1	капитал, комитет, банк, архив, отдел
фонд	фонд.2	Фонд, фонде, пользу, фонды, интересах
форма	форма.1	униформа, сфера, структура, стратегия, модель
форма	форма.2	фуражка, гимнастерка, куртка, сумка, кепка
фотография	фотография.1	фотокарточка, картинка, открытка, гравюра, репродукция
фрукт	фрукт.1	сувенир, предмет, экземпляр, экспонат, артефакт
фрукт	фрукт.2	персик, плод, банан, апельсин, помидор
фрукт	фрукт.3	мерзавец, тип, наглец, типчик, гад
характеристика	характеристика.1	оценка, формулировка, тема, информация, функция
химера	химера.1	выдумка, бессмыслица, фикция, утопия, чепуха
химера	химера.2	тварь, змея, пантера, акула, гидра
ходьба	ходьба.1	езда, прогулка, беготня, пробежка, походка
хозяйство	хозяйство.1	имущество, предприятие, землевладение, государство, достояние
холод	холод.1	жар, озноб, холодок, голод, мороз
холод	холод.2	вой, грохот, шум, визг, вопль
холод	холод.3	тепло, прохладу, сырость, покалывание, тошноту
холодный	холодный.1	осенний, весенний, ноябрьский, дождливый, декабрьский
холодный	холодный.2	прохладный, теплый, морозный, студеный, ледяной
холодный	холодный.3	твердый, хмурый, мрачный, ласковый, неприветливый
художник	художник.1	поэт, писатель, живописец, ученый, актер
цвет	цвет.1	окраску, облик, галс, направление, тональность
цвет	цвет.2	оттенок, окрас, бархат, шелк, колер
цель	цель.1	задачу, причину, точку, позицию, функцию
цель	цель.2	задача, причина, ценность, мишень, проблема
цена	цена.1	стоимость, температура, себестоимость, рождаемость, доходность
цена	цена.2	плата, награда, зарплата, ставка, сумма
ценность	ценность.1	значимость, опасность, цель, трудность, угрозу
центр	центр.1	комплекс, Центр, институт, отдел, модуль
центр	центр.2	центре, середину, середине, глубь, глубине
церковь	церковь.1	веру, религию, мессу, культуру, традицию
церковь	церковь.2	часовня, мечеть, церквушка, крепость, церковка
церковь	церковь.3	часовню, храм, школу, синагогу, общину
церковь	церковь.4	Церковь, община, религия, вера, литургия
чай	чай.1	кофе, пиво, коньяк, шампанское, водку
чашка	чашка.1	чашечка, тарелка, миска, кружка, ваза
чашка	чашка.2	чашкой, чашечку, чашку, чашечкой, чашки
человек	человек.1	километров, штук, рублей, фунтов, миль
человек	человек.2	парень, мужчина, мужик, юноша, джентльмен
черный	черный.1	белоснежный, полосатый, мешковатый, поношенный, потертый
черный	черный.2	серый, белый, темный, синий, коричневый
честолюбие	честолюбие.1	любопытство, нетерпение, вожделение, возбуждение, самодовольство
честолюбие	честолюбие.2	тщеславие, самолюбие, самомнение, властолюбие, упрямство
чиновник	чиновник.1	служащий, сановник, деятель, работник, орган
член	член.1	председатель, члену, члены, члена, Член
член	член.2	пенис, фаллос, сосок, хуй, клитор
член	член.3	выпускник, ректор, воспитанник, выпускника, выпускница
чтение	чтение.1	чтении, написании, составлении, заголовке, заглавии
чтение	чтение.2	изучение, повествование, чтением, чтиво, бритье
чувство	чувство.1	ощущение, предчувствие, волнение, томление, переживание
шакал	шакал.1	пес, ублюдок, койот, подонок, негодяй
шар	шар.1	шарик, диск, цилиндр, купол, смерч
шея	шея.1	спина, поясница, шейка, лодыжка, кожа
шея	шея.2	брюнетка, блондинка, девушка, женщина, мулатка
школа	школа.1	академия, литература, больница, библиотека, гимназия
шкура	шкура.1	кожа, морда, шерсть, шкурка, туша
шрам	шрам.1	ссадину, шишку, щетину, царапину, ямочку
шрам	шрам.2	рубец, порез, кровоподтек, синяк, шрамик
электроника	электроника.1	техника, аппаратура, автоматика, химия, наука
эмоция	эмоция.1	мотивация, тема, вещь, личность, энергия
энергия	энергия.1	сила, энергетика, субстанция, стихия, активность
эпидемия	эпидемия.1	чума, гроза, буря, пандемия, паника
эпидемия	эпидемия.2	вирус, возбудитель, эпидемию, возбудители, бациллы
юрист	юрист.1	врач, журналист, адвокат, экономист, психолог
яблоко	яблоко.1	пирожное, печенье, банан, бутерброд, апельсин
яблоко	яблоко.2	яблочко, яйцо, дерево, яичко, перо
яблоня	яблоня.1	вишня, сосна, береза, акация, черемуха
ягода	ягода.1	ягодка, земляника, малина, дыня, клубника
яд	яд.1	наркотик, снотворное, токсин, мышьяк, морфий
яд	яд.2	укус, жар, холод, враг, смрад
яд	яд.3	отраву, яду, мед, снадобье, зелье
язва	язва.1	зараза, стерва, помойка, дура, гадина
язва	язва.2	астма, болезнь, подагра, аллергия, ангина
язва	язва.3	рана, ранка, ссадина, опухоль, царапина
язва	язва.4	бойня, трагедия, вражда, драма, давка
язва	язва.5	несварение, расстройство, промывание, рак, язву
ярость	ярость.1	злость, злоба, ненависть, радость, страсть
