MeaningId	Top5
автомобиль.1	джип, грузовик, фургон, автобус, лимузин
автор.1	издатель, писатель, переводчик, поэт, художник
автор.2	сборник, сборники, серия, цикл, подборка
автор.3	создатель, создателя, основатель, владелец, инициатор
автор.4	составитель, автора, автором, автору, авторы
автор.5	герой, героиня, персонаж, экранизация, герои
автор.6	написание, писание, опубликование, черновик, чтение
автор.7	Геродот, рецензент, Плутарх, евангелист, Полибий
автор.8	сочинитель, начитавшись, сочинители, начитавшийся, сочинителя
акцент.1	выговор, диалект, говор, манер, писатель
акцент.2	упор, ударение, ставку, акценты, скидку
акцент.3	нажим, загар, намек, надрез, отпечаток
акция.1	операция, кампания, диверсия, провокация, вылазка
аллергия.1	антипатия, идиосинкразия, тяга, склонность, неприязнь
аллергия.2	астма, депрессия, мигрень, экзема, изжога
аллергия.3	гангрена, пародия, мода, истерика, конкуренция
алмаз.1	бриллиант, рубин, изумруд, сапфир, камень
амулет.1	костюм, респиратор, кольцо, комбез, скафандр
амулет.2	медальон, талисман, артефакт, кулон, браслет
анализ.1	переливание, заражение, переливания, лужа, пролитие
анализ.2	анализы, разбор, осмотр, тест, характер
англичанин.1	американец, джентльмен, шотландец, ирландец, француз
антибиотик.1	антибиотики, обезболивающее, снотворное, антидот, пенициллин
антибиотик.2	белок, крахмал, холестерин, пигмент, каучук
антибиотик.3	препарат, стимулятор, краситель, растворитель, антидепрессант
антилопа.1	птица, лань, кошка, куропатка, птичка
аппарат.1	орган, центр, деятель, архив, инструментарий
аппарат.2	прибор, компьютер, агрегат, механизм, терминал
аппаратура.1	техника, электроника, радиостанция, система, лаборатория
аппетит.1	иммунитет, нюх, голод, самоконтроль, работоспособность
аппетит.2	костер, огонь, камин, примус, очаг
армия.1	эскадра, пехота, дивизия, кавалерия, дипломатия
артиллерия.1	пехота, авиация, батарея, армия, пушка
артист.1	актер, художник, писатель, поэт, режиссер
артист.2	артистка, артисткой, актриса, Артист, прима
астма.1	подагра, мигрень, аллергия, бессонница, депрессия
бабка.1	бабушка, матушка, мама, мать, сестра
бабка.2	тетка, старуха, старушка, баба, соседка
бабка.3	Маша, Юлька, Ирка, Лола, Верка
бабушка.1	мама, мать, сестра, матушка, бабка
бабушка.2	Наташа, она, Настя, Надя, Маша
бактерия.1	инфекция, пылинка, вещь, штука, субстанция
баня.1	культура, армия, пословица, литература, мафия
баня.2	банька, сауна, кухня, печка, конюшня
баран.1	козел, осел, болван, бык, идиот
баран.2	обвал, кряж, хребет, перевал, хрусталь
бедность.1	нищета, нищету, несправедливость, нужда, скука
бедро.1	плечо, колено, запястье, предплечье, голень
бедро.2	плечико, крыло, тело, ухо, ребро
белье.1	пеленки, простыни, портянки, носки, подгузники
белье.2	халатике, халате, исподнем, пеньюаре, фартуке
белье.3	Поволжье, ярусе, регистре, течении, ящике
белье.4	бельишко, исподнее, платье, полотенце, покрывало
библиотека.1	кухня, больница, лаборатория, школа, коллекция
бизнес.1	капитал, проект, рынок, бизнесмен, предприниматель
бизнес.2	ИТ, научно, военно, социально, интернет
биография.1	карьера, автобиография, обстановка, история, личность
блюдо.1	кушанье, лакомство, изделие, развлечение, украшение
блюдо.2	рагу, жаркое, печенье, суфле, пирожное
блюдо.3	блюдце, блюдечко, ведерко, кольцо, ожерелье
блюдо.4	тарелку, поднос, миску, вазу, кувшин
бог.1	угадаю, досказать, закурить, порулить, догадаюсь
бог.2	черт, чорт, леший, дьявол, ситх
бог.3	сподобил, наказывает, уберег, карает, покарал
бог.4	благую, Благую, радостную, недобрую, дурную
бог.5	пантеон, культ, храм, божок, миф
бог.6	Бог, аллах, боже, господь, Аллах
бог.7	бога, богу, богиней, богине, богини
бог.8	повелитель, владыка, мудрец, властитель, правитель
бог.9	богиня, символ, божество, олицетворение, богиню
бог.10	радостная, благая, Благая, недобрая, горестная
богатство.1	сокровище, счастье, могущество, достояние, предназначение
бой.1	поединок, спор, разговор, матч, диалог
бой.2	сражение, битву, борьбу, войну, схватку
болезнь.1	слабость, усталость, лихорадку, травму, депрессию
болезнь.2	хворь, патология, травма, инфекция, лихорадка
борьба.1	схватка, битва, грызня, война, вражда
ботаник.1	ученый, физик, математик, физиолог, историк
брат.1	отец, сын, муж, братец, племянник
бренди.1	коньяк, вино, шампанское, пиво, чай
бренди.2	виски, вина, коньяку, коньяка, мартини
бриллиант.1	алмаз, рубин, изумруд, сапфир, брильянт
буква.1	строка, строчка, строфа, страница, ступенька
бумага.1	бумажка, солома, тряпка, одежда, пленка
были.1	кои, которые, каковые, которыя, кото­рые
были.2	оба, хорошо, твердо, всегда, давно
были.3	имелись, имеются, есть, найдутся, нашлись
были.4	единственные, такие, хорошие, живые, настоящие
были.5	будут, оказались, бы­ли, оставались, стали
были.6	появились, появятся, возникли, возникнут, появлялись
были.7	возлагали, возлагаются, возлагают, возлагались, возложены
были.8	делают, сделали, делали, проделывают, знают
быть.1	оказаться, получиться, произойти, существовать, случиться
валюта.1	экономика, буржуазия, культура, пресса, держава
вампир.1	оборотень, демон, эльф, воин, маг
вампир.2	балл, пилотаж, судия, класс, вампиризм
вампир.3	вурдалак, монстр, маньяк, упырь, ублюдок
ванна.1	раковина, пепельница, вода, чаша, миска
вдова.1	женщина, вдовушка, жена, дама, девушка
величина.1	цифра, сумма, субстанция, высота, константа
вера.1	религия, потребность, молитва, церковь, дружба
вера.2	убежденность, уверенность, любовь, влюбленность, заинтересованность
вертолет.1	вертолеты, подкрепление, вертушку, подмогу, опергруппу
вертолет.2	самолет, корабль, флаер, челнок, флайер
ветер.1	фен, вентилятор, паровоз, самовар, пылесос
ветер.2	шум, гвалт, гомон, кашель, вой
ветер.3	тракт, мыс, склон, проход, континент
ветер.4	ветерок, сквозняк, бриз, шторм, ураган
вещество.1	марево, облако, месиво, пятно, варево
вещество.2	существо, растение, зелье, снадобье, излучение
взрослый.1	пожилой, незнакомый, сорокалетний, немолодой, представительный
взрослый.2	нормальный, умный, женатый, зрелый, здоровый
вибрация.1	тряска, дрожь, качка, пульсация, рябь
виноград.1	инжир, урожай, крыжовник, ячмень, персик
винтовка.1	пушка, двустволка, сумка, сабля, беретта
витамин.1	инициалы, буквой, букву, инициалами, инициал
витамин.2	bf, hs, fw, ar, db
витамин.3	raison, coup, hors, chef, chefs
витамин.4	Витамин, буква, литера, robert, Буква
витамин.5	+, £, cos, ®, $
витамин.6	гормон, препарат, фермент, минерал, параметр
витамин.7	витамина, витамины, витамином, гепатит, провитамин
власть.1	контроль, опеку, господство, гегемонию, юрисдикцию
власть.2	бюрократия, Россия, государственность, печать, пропаганда
влечение.1	отвращение, пристрастие, стремление, притяжение, тяготение
вода.1	кровь, слюна, влага, водица, водичка
возбуждение.1	волнение, раздражение, напряжение, беспокойство, нетерпение
воздействие.1	влияние, действие, давление, впечатление, сопротивление
возраст.1	джентльмен, мужчина, американец, семьянин, юбилей
возраст.2	размер, рост, диаметр, вес, доход
возраст.3	период, рубеж, инструмент, типаж, показатель
война.1	битва, драка, борьба, схватка, бойня
волк.1	зверь, тигр, лев, медведь, пес
волна.1	струя, судорога, вспышка, дрожь, вода
воля.1	душа, любовь, хватка, сила, просьба
воля.2	симпатия, тяга, страсть, привязанность, ненависть
воля.3	Воля, кара, милость, благодать, десница
воровство.1	хулиганство, мошенничество, взяточничество, мародерство, пьянство
восхищение.1	изумление, возмущение, недоумение, сочувствие, недовольство
впечатление.1	воздействие, ощущение, влияние, зрелище, впечатлѣніе
впечатление.2	впечатления, фурор, сенсацию, посадку, перегруппировку
врач.1	хирург, инженер, юрист, психиатр, психолог
встреча.1	беседа, поездка, стычка, свадьба, помолвка
выбор.1	вывод, поступок, вариант, путь, диагноз
высота.1	достигнув, около, достигающие, достигала, достигающих
высота.2	высотой, шириной, длиной, пролетев, диаметром
высота.3	глубина, дистанция, величина, зарплата, сумма
высота.4	длина, ширина, толщина, дальность, грузоподъемность
газета.1	пресса, энциклопедия, газетка, партия, фирма
генерал.1	вице, контр, обер, премьер, статс
генерал.2	полковник, генерала, генералу, подполковник, генералом
геометрия.1	математика, психология, арифметика, логика, физика
германец.1	воин, немец, ариец, англичанин, славянин
гимнастика.1	зарядка, разминка, тренировка, физкультура, пробежка
гном.1	старик, мужчина, мужик, воин, толстяк
гоблин.1	старик, гном, эльф, тролль, человечек
гоблин.2	Тимон, Арролд, Учиха, арн, Мадара
говядина.1	свинина, баранина, ветчина, рыба, телятина
голова.1	гриппом, тифом, ангиной, корью, туберкулезом
голова.2	башка, спина, поясница, головка, рука
голод.1	жажду, стыд, тошноту, неловкость, головокружение
голод.2	холод, дискомфорт, страх, жар, стресс
голос.1	самооценку, квалификацию, температуру, градус, налоги
голос.2	голосок, шепот, смех, басок, крик
гордость.1	гордыня, стеснительность, застенчивость, скромность, властность
гордость.2	радость, нежность, неловкость, грусть, злость
гормон.1	темпы, гормоном, невысокого, карьерного, замедление
гормон.2	дисфункции, гормонами, гипофункция, дисфункция, аденома
гормон.3	фермент, витамин, препарат, токсин, орган
гормон.4	гормоны, инсулин, адреналин, эстроген, ферменты
город.1	поселок, городок, дом, мир, замок
город.2	Париж, Лондон, Рим, Киев, деревню
горючее.1	топливо, бензин, боеприпасы, продовольствие, керосин
горючее.2	взрывчатое, питательное, ядовитое, красящее, отравляющее
горючее.3	плачевно, неудачей, благополучно, дракой, тупиком
господин.1	гражданин, джентльмен, мужчина, дяденька, дядечка
господин.2	мсье, месье, сеньор, госпожа, синьор
господин.3	а, однако, когда, но, подумал
господин.4	герр, товарищ, бывший, уважаемый, пан
государство.1	общество, правительство, княжество, королевство, войско
грабеж.1	разбой, шантаж, бандитизм, мордобой, разврат
грабеж.2	бандит, грабитель, вор, лжец, хулиган
гравитация.1	радуга, елка, мушка, плотина, дамба
гравитация.2	радиация, температура, облачность, инфляция, самооценка
грех.1	проступок, подвиг, промах, преступление, святотатство
грех.2	грешно, глупо, мешает, помешает, зазорно
грех.3	позор, недуг, порок, груз, искус
грех.4	грешник, эгоист, зануда, выдумщик, ревнивец
гриб.1	помидор, фрукт, огурец, инжир, каштан
гриб.2	реактор, взрыв, заряд, фугас, боеприпас
гриб.3	грибок, цветок, мухомор, столб, лишайник
грипп.1	голод, шторм, понос, ураган, ливень
грипп.2	помет, жир, корм, окорок, хлев
грипп.3	насморк, тиф, бронхит, простуду, лихорадку
грудь.1	спину, шею, живот, ягодицу, челюсть
грудь.2	спина, шея, попка, задница, рука
груз.1	бремя, камень, рюкзак, чемодан, воз
груз.2	багаж, балласт, товар, труд, вес
грызун.1	зверек, зверь, воришка, хищник, ублюдок
дата.1	дату, даты, датой, после, своевременность
дата.2	цифра, датировка, копия, причина, веха
дать.1	помочь, подарить, показать, предоставить, предложить
дача.1	квартира, вилла, гостиница, усадьба, ферма
дворец.1	дворце, Францию, двор, Флоренцию, сне
дворец.2	замок, особняк, сад, дом, трон
девушка.1	женщина, девочка, девица, блондинка, девчушка
девушка.2	она, Катя, Настя, Лиза, Лена
дед.1	старик, старец, дедок, старичок, старикан
дед.2	отец, дедушка, прадед, муж, брат
дедушка.1	дед, отец, папа, муж, брат
действие.1	воздействие, влияние, средство, явление, впечатление
дельфин.1	Дракон, Волк, Медведь, Камень, Орел
дельфин.2	шарик, шар, цилиндр, полумесяц, цвет
дельфин.3	кит, дракон, лебедь, волк, медведь
демон.1	дьявол, бес, вампир, колдун, монстр
депрессия.1	апатия, бессонница, хандра, меланхолия, паника
дерево.1	деревце, деревцо, бревно, растение, полено
дисциплина.1	выучка, выправка, субординация, организация, повинность
до.1	касались, касаясь, коснувшись, касался, касаются
до.2	после, [до, дождаться, дождавшись, дождался
до.3	достигающие, достигая, достиг, около, достигавшие
до.4	вместо, для, ДО, у, ради
добро.1	Добро, зло, имущество, чудеса, согласие
добро.2	зарядку, выводы, одолжения, гимнастику, аборт
добрый.1	хороший, мудрый, умный, милый, славный
дождь.1	ливень, дождик, снегопад, дождичек, шторм
дождь.2	ноябрь, декабрь, октябрь, февраль, сентябрь
доктор.1	бакалавр, профессор, преподаватель, магистр, профессора
доктор.2	дружище, сэр, старина, подумал, однако
доктор.3	господин, герр, фрау, месье, сеньор
доктор.4	кандидат, доктора, кандидатом, доктором, кандидату
доктор.5	мистер, миссис, мисс, капитан, миз
документ.1	факт, текст, файл, феномен, эпизод
документ.2	протокол, меморандум, договор, отчет, указ
дом.1	особняк, коттедж, домик, сарай, город
дом.2	квартиру, комнату, хижину, усадьбу, спальню
домашний.1	рогатый, породистый, вьючный, тягловый, двуногий
домашний.2	кодовый, регистрационный, идентификационный, сольный, порядковый
домашний.3	мамин, ваш, свой, бабушкин, знакомый
домашний.4	редакционный, электронный, точный, парижский, нужный
домашний.5	мобильный, контактный, сотовый, спутниковый, квартирный
домашний.6	купальный, махровый, банный, служебный, шелковый
домашний.7	семейный, личный, повседневный, собственный, убогий
дочь.1	сестра, жена, мать, дочка, внучка
дочь.2	дочку, сестру, племянницу, внучку, жену
драгоценность.1	ценность, красоту, цель, роскошь, радость
драгоценность.2	реликвия, вещь, достопримечательность, жемчужина, находка
драгоценность.3	реликвию, вещицу, святыню, жемчужину, безделушку
дракон.1	тюльпан, шар, цветок, цвет, треугольник
дракон.2	орел, лев, монстр, ястреб, зверь
дракон.3	Дракон, Орел, Рыцарь, Цветок, Волк
древесина.1	кора, кожа, глина, ветка, резина
друг.1	закадычного, лучшего, верного, четвероногого, близкого
друг.2	пуповиной, кабелем, проводами, трубопроводами, проходами
друг.3	исключительно, только, преимущественно, именно, ни
друг.4	свысока, исподлобья, украдкой, снисходительнее, недоброжелательно
друг.5	союзник, ученик, соратник, отдых, защитник
друг.6	непосредственно, напрямую, накоротке, впрямую, лично
друг.7	издали, сверху, внешне, цветом, скорее
друг.8	другъ, ДРУГ, дpуг, [друг, друт
друг.9	лбами, носами, животами, щекой, грудью
друг.10	слева, справа, отстоит, отстоящие, отстоящий
друг.11	старому, лучшему, закадычному, четвероногому, близкому
друг.12	дружок, дружочек, приятель, товарищ, кореш
дружба.1	беседа, переписка, вражда, встреча, любовь
душа.1	натура, совесть, воля, психика, природа
душа.2	душенька, жена, семья, мать, задница
душа.3	голова, спина, нога, шея, поясница
душа.4	душонка, женщина, девочка, девушка, собака
дядя.1	а, но, однако, когда, пока
дядя.2	подумал, Дядя, Дядь, возмутился, удивился
дядя.3	дядь, дед, дедушка, брат, дядюшка
дядя.4	сэр, старина, милый, дружище, голубчик
дядя.5	девятилетний, одиннадцатилетний, тринадцатилетний, семилетний, двенадцатилетний
европеец.1	мужчина, человек, джентльмен, англичанин, мужик
еда.1	пища, закуска, жратва, выпивка, кормежка
епископ.1	священник, викарий, архиерей, кардинал, император
епископ.2	архиепископ, митрополит, святитель, преосвященный, архимандрит
епископ.3	епископа, уроженец, епископом, епископу, близ
епископ.4	Варлаам, Дионисий, Стефан, Симеон, Макарий
ж.1	тебе, им, вам, ему, ей
ж.2	це, гэта, тобі, тобi, тепер
ж.3	денется, девается, девалась, подевалась, делось
ж.4	стоишь, торчишь, бродишь, стоите, стоим
ж.5	случилось, сталось, стряслось, сравнится, происходило
ж.6	молчишь, скажешь, плачешь, орешь, кричишь
ж.7	прикажешь, прикажете, велишь, повелишь, посоветуешь
ж.8	ш, н, р, з, т
ж.9	скажет, даст, поверит, принесет, укажет
ж.10	живет, находится, прячется, взялся, обитает
ж.11	же, б, ведь, конкретно, именно
жадность.1	алчность, ревность, похоть, гордыня, жестокость
жалоба.1	мольба, надежда, обида, досада, тоска
жалоба.2	заявка, просьба, претензия, радиограмма, телеграмма
жар.1	холод, тепло, озноб, зной, зуд
желание.1	вожделение, стремление, любопытство, пожелание, искушение
желудок.1	хищник, волк, тигр, удав, клоп
желудок.2	обморок, кашель, ревматизм, спазм, артрит
желудок.3	судорогой, спазмом, спазмами, судорогами, тошнотой
желудок.4	треп, болтовни, болтовней, формальностью, болтовне
желудок.5	холодильник, кошелек, бокал, стакан, бак
желудок.6	живот, кишечник, желудки, внутренности, горло
желудок.7	организм, мозг, собеседник, муж, приятель
жена.1	мать, супруга, сестра, мама, подруга
женщина.1	девушка, дама, девочка, девица, особа
жестокость.1	щедрость, грубость, осторожность, расточительность, снисходительность
живность.1	нечисть, дичь, утварь, мелочь, дребедень
живность.2	птицу, рыбешку, зверушку, рыбу, скотину
живот.1	животик, грудь, затылок, зад, желудок
живот.2	голова, спина, поясница, шея, нога
живот.3	сверток, портфель, кошель, кошелек, бурдюк
живот.4	гриппом, корью, ангиной, тифом, малярией
живот.5	бугорок, горб, камень, синяк, рубец
животное.1	существо, чудовище, насекомое, создание, растение
житель.1	пейзаж, уголок, ландшафт, морг, закоулок
житель.2	уроженец, уроженка, мэр, жительница, уроженца
житель.3	обитатель, старожил, люд, гражданин, староста
жук.1	гад, мерзавец, лис, гаденыш, слизняк
жук.2	грузовичок, грузовик, мерседес, кадиллак, фургон
жук.3	ромб, цветок, полумесяц, шарик, треугольник
жук.4	паук, червяк, червь, дракон, таракан
забава.1	игра, игрушка, шутка, тема, шалость
заведение.1	учреждение, местечко, мероприятие, предприятие, развлечение
зависимость.1	оторванность, взаимосвязь, связь, отстраненность, независимость
завод.1	заводик, комбинат, цех, заводы, техникум
задаток.1	аванс, выкуп, гонорар, штраф, предоплату
задаток.2	залог, коррективы, поправку, поправки, ясность
задача.1	проблема, цель, миссия, работа, задачка
задница.1	жопа, попка, спина, башка, шея
закон.1	принцип, миропорядок, постулат, догмат, миф
закон.2	Закон, запрет, этикет, субординацию, устав
закон.3	декрет, билль, указ, Декрет, Акт
замок.1	город, особняк, дворец, замке, дом
замок.2	засов, замочек, запор, замки, шпингалет
замок.3	затвором, задвижкой, выключателем, засовом, замком
занятие.1	времяпрепровождение, развлечение, времяпровождение, зрелище, мероприятие
запас.1	резерв, лимит, излишек, избыток, объем
запас.2	самородок, медалью, слиток, телец, монетой
запас.3	расход, запасы, перерасход, запаса, нехватка
запах.1	напиток, нектар, настой, соус, сок
запах.2	струйки, струйка, струйку, напившись, потеки
запах.3	аромат, привкус, душок, вкус, запашок
запах.4	запахом, запахе, вонью, запахами, смрадом
запах.5	биение, пульсацию, тепло, теплоту, прикосновение
запись.1	записи, видеозаписи, рукопись, корреспонденцию, записанное
запись.2	съемка, беседа, передача, кассета, дискуссия
запись.3	заметка, надпись, пометка, отметка, статья
запись.4	видеозапись, пленку, кассету, автоответчик, аудиозапись
запись.5	заметку, пометку, статью, сообщение, лекцию
зарплата.1	температура, урожайность, самооценка, высота, успеваемость
зарплата.2	пенсия, стипендия, цена, плата, награда
затрата.1	сумма, единица, отдача, прибавка, величина
затрата.2	хватило, наберусь, недостанет, недостало, набралась
затрата.3	прорва, уйма, бездна, масса, кладовая
затрата.4	трата, растрата, экономия, концентрация, потеря
затрата.5	требует, требовало, потребует, требующие, требующим
защита.1	страховка, гарантия, маскировка, зашита, поддержка
звезда.1	звездочка, Звезда, заря, луна, роза
зверь.1	хищник, зверек, волк, лев, тигр
звук.1	шум, стон, смешок, шорох, хрип
звук.2	громкость, свет, музыку, двигатель, приемник
здание.1	здании, фойе, коридорах, подвалах, вестибюле
здание.2	строение, сооружение, помещение, дерево, крыльцо
злак.1	феномен, компонент, фермент, обычай, недуг
злак.2	минерал, продукт, артефакт, ингредиент, инструмент
злак.3	колос, кустарник, цветок, фрукт, напиток
змея.1	дракона, змия, Змея, чудовища, монстра
змея.2	гадюка, кобра, ящерица, оса, птица
знак.1	сигнал, отмашку, команду, знака, указание
знак.2	жест, признак, символ, пример, значок
знак.3	знаки, заслуживающий, заслуживающее, заслуживающих, заслуживающей
знак.4	ознаменование, ожидании, целях, предчувствии, качестве
знак.5	жесте, порыве, знаке, гримасе, духе
знак.6	велели, приказали, разрешат, разрешили, пришлось
знакомство.1	общение, сотрудничество, свидание, ознакомление, соприкосновение
знакомство.2	возиться, знакомиться, общаться, экспериментировать, встречаться
знакомство.3	дружбу, беседу, интрижку, разговор, шашни
знание.1	познание, понимание, мышление, незнание, бытие
знание.2	учение, понятие, суждение, представление, утверждение
зуб.1	корью, тифом, гриппом, лихорадкой, ангиной
зуб.2	клык, живот, зубик, зубок, позвоночник
зуб.3	голова, поясница, спина, нога, коленка
зубр.1	зверь, воин, хрыч, вояка, волчара
зубр.2	бык, вепрь, медведь, волк, лев
игра.1	работа, забава, игрушка, шутка, штука
игра.2	война, битва, вечеринка, схватка, драка
игрушка.1	вещица, кукла, штучка, штука, штуковина
издание.1	переиздание, полугодие, блюдо, изд, поколение
издание.2	мая, сентября, апреля, января, декабря
изделие.1	блюдо, сооружение, украшение, произведение, строение
излучение.1	облучение, вещество, свечение, воздействие, сияние
изобретение.1	открытие, творение, произведение, начинание, достижение
институт.1	техникум, колледж, вуз, университет, факультет
инструкция.1	директива, информация, справка, записка, анкета
интеллект.1	разум, ум, мозг, талант, организм
интеллигенция.1	литература, элита, культура, эмиграция, буржуазия
интуиция.1	репутация, идея, мускулатура, работа, сигнализация
интуиция.2	логика, наблюдательность, проницательность, выдержка, смекалка
интуиция.3	жена, мама, мать, подруга, бабушка
инфекция.1	пневмония, болезнь, эпидемия, патология, хворь
инфекция.2	зараза, бактерия, радиация, флора, травма
информация.1	справка, документация, гипотеза, легенда, инфа
ископаемое.1	дизельное, ракетное, жидкое, ядерное, авиационное
ископаемое.2	четвероногое, двуногое, доисторическое, хищное, диковинное
ископаемое.3	существо, животное, насекомое, растение, вещество
искусство.1	мастерство, общество, ремесло, государство, мышление
испытание.1	проверку, испытания, Испытание, экзамен, инициацию
испытание.2	потрясение, препятствие, собеседование, задание, наказание
исследователь.1	историк, ученый, физик, антрополог, экономист
истина.1	правда, реальность, проблема, Истина, тайна
история.1	сцена, штука, сказка, картина, легенда
источник.1	луч, лучик, сгусток, родник, проблеск
источник.2	получение, утечка, накопление, передача, поглощение
источник.3	выброс, выплеск, избыток, расход, всплеск
источник.4	кладезь, носитель, первоисточник, источники, накопитель
к.1	къ, /к, благодаря, по, радовалась
к.2	с, над, перед, за, пеpед
к.3	научили, научите, научить, учили, учит
кактус.1	цветок, фикус, папоротник, каштан, кустарник
кактус.2	человечек, паук, зверек, очкарик, мужичонка
камень.1	камешек, булыжник, валун, камушек, гранит
канал.1	тоннель, туннель, телеканал, перешеек, коридор
канал.2	сеанс, родственные, ассоциативные, внебрачные, причинной
канал.3	Канал, Дунай, Днепр, Евфрат, Днестр
канал.4	экран, тумблер, терминал, аппарат, пульт
канцлер.1	бюджет, казначей, чиновник, обвинитель, деятель
канцлер.2	рейхсканцлер, посол, король, фельдмаршал, император
канцлер.3	дипломат, полководец, писатель, военачальник, поэт
канцлер.4	ротмистр, майор, полковник, хорунжий, фельдфебель
канцлер.5	гетман, Канцлер, магистр, князь, инквизитор
капуста.1	свекла, рыба, говядина, картошка, свинина
кардинал.1	архиепископ, епископ, император, философ, король
кардинал.2	герцог, кардинала, кардиналу, маркиз, кардиналом
кардинал.3	волк, костюм, призрак, Волк, жеребец
карта.1	карточка, папка, сумка, бумажка, шкатулка
карта.2	книга, схема, диаграмма, фотография, фишка
карьера.1	жена, подруга, мать, сестра, невеста
карьера.2	репутация, миссия, биография, судьба, работа
катаклизм.1	кризис, скандал, коллапс, феномен, потоп
катастрофа.1	авария, трагедия, беда, буря, гроза
каша.1	мука, мешанина, кутерьма, неразбериха, свалка
каша.2	размазня, чепуха, бессмыслица, ерунда, белиберда
каша.3	кашица, жижа, лужа, патока, паста
каша.4	крупа, похлебка, лепешка, кашка, лапша
квалификация.1	зарплата, репутация, оценка, специализация, цена
квалификация.2	самооценка, температура, влажность, компетентность, скорострельность
квартира.1	комната, квартирка, спальня, дача, каюта
кварц.1	топаз, цвет, мрамор, кристалл, хрусталь
кинжал.1	нож, меч, клинок, стилет, пистолет
кисель.1	сироп, суп, компот, сок, джем
кисель.2	туман, ил, гной, гриб, оттенок
кислота.1	вода, слюна, ржавчина, пена, жидкость
клетчатка.1	калий, кофеин, никотин, глюкоза, магний
клетчатка.2	аллергия, интоксикация, токсикоинфекция, наркомания, гипергликемия
клетчатка.3	добавка, диета, приправа, работа, информация
клетчатка.4	прослойка, вена, ткань, дистрофия, промышленность
клетчатка.5	пища, сода, картофелина, свекла, капуста
климат.1	микроклимат, ландшафт, характер, пейзаж, кризис
климат.2	загар, ветер, бриз, пляж, воздух
клуб.1	столб, клубы, шлейф, колечки, завиток
клуб.2	ресторан, бар, пансионат, пансион, магазин
клуб.3	рубашке, тиши, сорочке, вылазке, рубашки
клуб.4	матч, турнир, марафон, бал, чемпионат
клуб.5	кружок, колледж, форум, сленг, коллектив
клык.1	Клык, Коготь, Зуб, Рог, Хребет
клык.2	зуб, коготь, клинок, шип, бивень
ключ.1	доступ, путь, подход, подступ, допуск
ключ.2	ключи, ключик, отмычку, пистолет, револьвер
книга.1	книжка, статья, брошюра, фраза, пьеса
книжка.1	книга, книжечка, книжица, сказка, статья
князь.1	Князь, Магистр, Инквизитор, Мудрец, Могол
князь.2	визирь, государь, магистр, боярин, княжич
коготь.1	Коготь, Глаз, Клюв, Зуб, Клык
коготь.2	клинок, клык, клюв, нож, кинжал
кожа.1	кожица, шерстка, шкура, шея, лысина
колдовство.1	волшебство, чародейство, заклинание, заклятие, заклятье
количество.1	число, скопление, множество, разнообразие, расстояние
кольцо.1	перстень, браслет, цепочку, шляпу, наручники
кольцо.2	колечко, ожерелье, колье, зеркало, полукольцо
команда.1	семья, компания, группа, бригада, деревня
командир.1	командиром, штурманом, замполитом, комсоргом, комиссаром
командир.2	Командир, Командира, Командиром, Командиру, Штаб
командир.3	бойцы, летчики, офицеры, военнослужащие, подразделения
командир.4	танковые, стрелковые, механизированные, пехотные, штурмовые
командир.5	генерал, контр, обер, вице, штабс
командир.6	саперного, истребительного, штурмового, пулеметного, комендантского
командир.7	командиру, комсорг, замполит, комиссар, военком
командир.8	командующий, командуя, командовавший, командование, командовавшего
комета.1	звезда, молния, птица, стрела, звездочка
компания.1	компашка, семейка, вечеринка, парочка, работа
компания.2	троица, фирма, семья, команда, четверка
комплекс.1	центр, спектр, блок, модуль, отсек
компьютер.1	телевизор, магнитофон, комп, диктофон, кондиционер
конфликт.1	спор, разлад, разрыв, скандал, антагонизм
конфликт.2	разногласия, конфликты, противоречия, трения, раздоры
конфликт.3	противоречие, столкновение, различие, расхождение, соперничество
конфликт.4	ссору, размолвку, драку, конфронтацию, распрю
концерт.1	спектакль, бал, банкет, пир, обед
коньяк.1	водку, вино, шампанское, пиво, чай
корабль.1	катер, самолет, вертолет, флот, челнок
костюм.1	пиджак, костюмчик, сюртук, комбинезон, жакет
кошка.1	собака, кошечка, крыса, пантера, птица
кошка.2	футболка, майка, куртка, шляпа, шерстка
краситель.1	цвет, пигмент, оттенок, лак, окрас
краситель.2	желатин, крахмал, каучук, корм, мед
краситель.3	йод, аммиак, фосфор, холестерин, кальций
краситель.4	продукт, препарат, фермент, ингредиент, материал
краска.1	штукатурка, кровь, помада, позолота, косынка
красный.1	желтый, зеленый, синий, алый, оранжевый
красота.1	грация, чистота, красавица, простота, доброта
крахмал.1	желатин, сахар, дрожжи, уксус, муку
крахмал.2	холестерин, углеводы, жиры, кальций, кофеин
кризис.1	спад, коллапс, застой, подъем, конфликт
критерий.1	принцип, показатель, фактор, аргумент, ориентир
критерий.2	прописные, азбучные, непреложные, вечные, абсолютные
кровь.1	грязь, пот, пену, тушь, краску
кровь.2	ярость, злость, злоба, обида, боль
кровь.3	молоко, нектар, сок, водку, соки
кровь.4	ручьем, ручьями, рекой, фонтаном, струей
кровь.5	вода, слюна, пена, краска, сперма
круг.1	спектр, диапазон, проход, коридор, сферу
круг.2	полукруг, крут, кружок, квадрат, прямоугольник
круг.3	вираж, разворот, пируэт, виток, цикл
круг.4	дугу, окружность, петлю, круги, цепь
крыло.1	полушарие, бедро, плечо, колено, крылышко
крыса.1	кошка, мышь, собака, обезьяна, свинья
куб.1	шар, цилиндр, прямоугольник, параллелепипед, цилиндрик
кулак.1	кулачок, кулаки, меч, топор, кулачки
культура.1	цивилизация, литература, поэзия, философия, традиция
купец.1	бизнесмен, торговец, коммерсант, дворянин, крестьянин
куртка.1	курточка, безрукавка, жилетка, рубашка, рубаха
куст.1	кусты, кусте, заросли, кустах, зарослях
куст.2	сироп, сок, кисель, отвар, джем
куст.3	кустик, кустарник, дуб, цветок, бутон
кустарник.1	подлесок, ельник, лес, бурьян, камыш
кустарник.2	человечек, мужичонка, мужичок, брюнет, шатен
лавка.1	лавочка, мастерская, фабрика, скамья, лавчонка
легкий.1	слабый, легчайший, тихий, негромкий, резкий
легкий.2	прохладный, нежный, свежий, неприятный, приятный
ли.1	различимо, удержался, умри, начавшись, слышно
ли.2	ль, лн, рассказать, напоминать, морочить
ли.3	поделать, выговорить, воскликнуть, выдохнуть, угомониться
ли.4	оказаться, быть, статься, находиться, пострадать
ли.5	же, именно, б, , что
лилия.1	роза, звезда, орхидея, гвоздика, цапля
линия.1	полоса, черточка, точка, полоска, складка
линия.2	станция, стратегия, черта, наводка, позиция
литература.1	культура, поэзия, интеллигенция, проза, наука
лихорадка.1	суматоха, суета, давка, бомбежка, кутерьма
лихорадка.2	горячка, малярия, депрессия, тошнота, рвота
лихорадка.3	роза, рыбка, клетка, медаль, змейка
личность.1	индивидуальность, сущность, реальность, натуру, ценность
личность.2	особа, натура, фигура, персона, вещь
лишение.1	унижение, оскорбление, стеснение, потрясение, разочарование
лишение.2	водительские, авторские, имущественные, гражданские, исключительные
лишение.3	лишением, ограничение, лишили, лишению, ущемление
лишение.4	удостоенный, вручение, присуждение, удостоенного, удостоена
логика.1	интуиция, арифметика, психология, красота, закономерность
логика.2	наблюдательность, вежливость, солидарность, порядочность, расчетливость
лодка.1	шлюпка, яхта, лодочка, ладья, моторка
лопух.1	идиот, болван, кретин, дурак, придурок
лопух.2	подорожник, одуванчик, папоротник, чистотел, огурец
лук.1	арбалет, меч, автомат, посох, винтовку
лук.2	чеснок, морковь, картофель, сельдерей, петрушку
луна.1	звезда, Луна, заря, радуга, звездочка
любовь.1	страсть, привязанность, ненависть, нежность, жалость
маг.1	волшебник, воин, колдун, чародей, эльф
магия.1	метка, смородина, кошка, дыра, пантера
магия.2	сила, волшба, техника, стихия, химия
мама.1	мать, бабушка, жена, сестра, подруга
мама.2	она, Наташа, Катя, Маша, Лена
масса.1	причина, цель, задача, функция, тема
масса.2	куча, уйма, множество, прорва, много
масса.3	бездна, субстанция, толпа, кашица, громада
мастерство.1	искусство, дарование, мужество, ремесло, чутье
масштаб.1	размах, размер, смысл, трагизм, объем
масштаб.2	скорость, громкость, амплитуду, яркость, дозу
масштаб.3	масштабы, масштабность, размеры, грандиозность, важность
математик.1	ученый, физик, философ, писатель, поэт
материал.1	инструмент, объект, документ, опыт, экспонат
материя.1	субстанция, ткань, оболочка, бумага, пленка
материя.2	природа, энергия, Вселенная, вселенная, сила
мать.1	мама, жена, бабушка, сестра, подруга
мать.2	маму, сестру, жену, бабушку, подругу
машина.1	карета, повозка, коляска, двуколка, телега
мебель.1	обувь, одежду, технику, аппаратуру, еду
мебель.2	утварь, одежда, посуда, кровать, кушетка
мебель.3	трость, софу, кушетку, посуду, скамью
мебель.4	стулья, столы, акценты, фишки, ноги
мед.1	сахар, сметану, соль, желатин, майонез
мед.2	нектар, уксус, кефир, сироп, воск
медицина.1	наука, психиатрия, цивилизация, психология, техника
мелочь.1	деталь, ерунда, дребедень, живность, подробность
мелочь.2	копейку, пылинку, минуту, черточку, песчинку
мелочь.3	монеты, медяки, наличность, сдачу, купюры
мелочь.4	ерунду, мелочевку, чепуху, белиберду, мелочовку
мероприятие.1	предприятие, событие, действо, учреждение, занятие
металл.1	камень, свинец, чугун, асфальт, воск
металл.2	клинок, кинжал, нож, скальпель, ствол
металл.3	колокольчик, гонг, трамвай, колокол, колокольчиком
метод.1	прием, подход, способ, термин, принцип
мех.1	ворс, ковер, шелк, пушок, мох
механизм.1	инструмент, процесс, принцип, прием, рефлекс
механизм.2	прибор, аппарат, агрегат, рычаг, крючок
механик.1	инженер, врач, лейтенант, офицер, артиллерист
меч.1	клинок, кинжал, нож, саблю, топор
минерал.1	камень, кристалл, металл, кварц, самоцвет
минерал.2	феномен, артефакт, документ, экспонат, материал
млекопитающее.1	животное, существо, насекомое, пресмыкающееся, растение
мозг.1	плавник, позвоночник, сустав, хрящ, позвонок
мозг.2	разум, организм, ум, рассудок, муж
мозг.3	убор, болью, боли, дозор, обтекатель
мозг.4	компьютер, двигатель, офис, процессор, коммуникатор
мозг.5	интеллект, череп, род, геном, скелет
мозг.6	мозги, слух, бицепс, извилины, зрение
молитва.1	трапеза, месса, мольба, вера, литургия
моллюск.1	спрут, зверь, червяк, гриб, червь
монгол.1	воин, мужчина, человек, казах, китаец
монета.1	монетка, серьга, купюра, корона, медаль
монета.2	колония, валюта, культура, буржуазия, нация
мотив.1	мотивчик, сюжет, аргумент, повод, напев
мотоцикл.1	автомобиль, джип, грузовик, машину, велосипед
мошка.1	мошкара, муха, бабочка, оса, букашка
мощь.1	силу, сила, энергию, мощность, жестокость
мощь.2	выправка, подготовка, доктрина, выучка, разведка
муж.1	отец, супруг, брат, жених, приятель
мужчина.1	мужик, парень, брюнет, блондин, крепыш
музыка.1	улыбка, тишина, истома, теплота, насмешка
музыка.2	канонада, стрельба, пальба, сирена, ругань
музыка.3	мелодия, песня, песенка, музычка, колыбельная
музыка.4	гармошка, гитара, скрипка, флейта, гармонь
мука.1	пытка, каша, пустота, духота, агония
мука.2	крупа, лепешка, Мука, солома, сметана
мука.3	тоска, скука, печаль, грусть, боль
мускул.1	атом, винтик, изгиб, закоулок, стежок
мускул.2	дюйм, сантиметр, миллиметр, метр, вершок
мускул.3	мускулов, мышц, мускулатурой, мышце, мышцах
мускул.4	провод, канат, тросик, трос, шнур
мускул.5	нерв, кадык, бицепс, волосок, сустав
муха.1	оса, пчела, птица, мошка, бабочка
мысль.1	идею, догадку, гипотезу, тему, версию
мысль.2	идея, догадка, мыслишка, новость, фраза
мышца.1	артерия, клеточка, жилка, вена, косточка
мышца.2	кость, диафрагма, шея, спина, щека
мясо.1	сало, баранину, яйцо, ветчину, печенье
наблюдение.1	следить, наблюдать, присматривать, ухаживать, приглядывать
наблюдение.2	замечание, сравнение, умозаключение, исследование, соображение
наблюдение.3	слежение, слежку, расследование, борьбу, патрулирование
наблюдение.4	надзор, контроль, присмотр, уход, наблюдением
навык.1	опыт, рефлекс, инструмент, компонент, урок
награда.1	плата, премия, компенсация, пенсия, расплата
нападение.1	покушение, вторжение, атаку, наступление, посягательство
напасть.1	посягнуть, покуситься, наброситься, нападать, взойти
напиток.1	коктейль, чай, коньяк, ликер, кофе
народ.1	национализм, люд, язык, писатель, националист
насекомое.1	шипение, кудахтанье, бульканье, кваканье, хрюканье
насекомое.2	животное, существо, чудовище, пресмыкающееся, растение
наследственность.1	примета, погода, привычка, репутация, новость
наука.1	медицина, литература, психология, культура, цивилизация
нация.1	страна, армия, культура, держава, раса
начальник.1	Начальник, Начальника, Начальником, Начальнику, Сотрудник
начальник.2	преподаватель, выпускник, профессор, выпускником, аспирант
начальник.3	Генерального, генерального, Главного, КРО, ГРУ
начальник.4	Оперативного, Специального, убойного, Особого, контрразведывательного
начальник.5	начальником, шефом, сотрудником, начальницей, руководителем
начальник.6	замначальника, начальнику, шеф, руководитель, сотрудник
необходимость.1	надобность, нужда, целесообразность, реальность, неизбежность
необходимость.2	потребность, резь, уверенность, нужду, неуверенность
необходимость.3	требующие, требующих, требующим, требующий, требующая
необходимость.4	основе, ниве, путях, стадии, примере
несчастье.1	несчастие, счастье, неосторожность, бедствие, чудо
нетерпение.1	беспокойство, волнение, раздражение, отчаяние, любопытство
нога.1	рука, лодыжка, ступня, щека, коленка
нога.2	жена, мать, мама, дочь, совесть
нога.3	ножка, лопатка, туфля, фара, лыжа
нож.1	кинжал, меч, клинок, пистолет, топор
ножка.1	нога, ручка, фигурка, шейка, шея
номер.1	высоту, обороты, скорость, справочную, разбег
номер.2	обед, разговор, банкет, ужин, прием
номер.3	код, нумер, люкс, номерок, адрес
номер.4	номера, сотового, мобильного, спутникового, номером
норма.1	доза, ставка, процедура, форма, основа
нос.1	носик, лоб, подбородок, носы, переносицу
нос.2	клюв, форштевень, бушприт, киль, хоботок
нос.3	уздцы, дых, псевдонимом, присягой, микроскопом
ночью.1	вечером, утром, днем, поутру, вечеромъ
ночью.2	полночью, погоде, погодой, погоды, слякоти
ночью.3	зимой, осенью, весной, неделе, осени
ночью.4	дыре, расщелине, ложбине, яме, нише
ночью.5	депрессии, древности, задумчивости, печали, медитации
ночью.6	затемно, пораньше, спозаранку, спозаранок, рано
ночью.7	ночи, поре, вечеринке, инкарнации, ночкой
ночью.8	ночами, нагишом, босиком, вечерами, полночи
нрав.1	характер, норов, темперамент, лад, задор
нрав.2	тон, вид, смех, оскал, прищур
нрав.3	поступок, мальчишка, народец, зверь, юнец
обезьяна.1	крыса, кошка, тварь, свинья, скотина
оборудование.1	снаряжение, устройство, оснащение, вооружение, приспособление
образ.1	уклад, стиль, ритм, образъ, облик
образ.2	промысел, Дух, храм, Промысл, Промысел
обстановка.1	ситуация, атмосфера, конъюнктура, среда, погода
общество.1	государство, сообщество, правительство, законодательство, искусство
объединение.1	соединение, единство, сообщество, воссоединение, сплочение
одежда.1	рубашка, куртка, рубаха, футболка, туника
ожерелье.1	колье, кольцо, колечко, украшение, платье
ожерелье.2	браслет, пенсне, цепочку, бюстгальтер, бусы
ожог.1	ожоги, рану, ссадину, ранку, царапину
ожог.2	ушиб, жар, шок, озноб, дискомфорт
ожог.3	шрам, порез, синяк, рубец, кровоподтек
опасность.1	угрозу, угроза, ценность, трудность, беда
опасность.2	подвох, неладное, недоброе, усталость, фальшь
операция.1	акция, процедура, работа, поездка, экспедиция
опухоль.1	сотрясение, отек, рак, воспаление, опухоли
опухоль.2	припухлость, гематома, шишка, киста, язва
опухоль.3	шишку, гематому, бородавку, язву, вмятину
опухоль.4	аппендикс, почку, аппендицит, гланды, кисту
опыт.1	стаж, навык, вклад, потенциал, материал
орган.1	аппарат, чиновник, комитет, механизм, акт
организация.1	структура, программа, группировка, идеология, пропаганда
орден.1	колледж, сан, постриг, турнир, чин
орден.2	орденом, орденами, Орденом, Орденами, медалью
орден.3	Орден, монастырь, костел, собор, аббатство
орден.4	медаль, приз, премию, награду, Медаль
орден.5	крест, Крест, доспех, клобук, шлем
орудие.1	орудия, орудии, орудием, пушки, орудиях
орудие.2	ружье, пушку, винтовку, пистолет, пулемет
орудие.3	оружие, средство, вооружение, приспособление, оборудование
орудие.4	мотив, нераскрытые, соучастник, Орудие, соучастника
орудие.5	заказные, массовые, ритуальные, преднамеренного, серийные
оружие.1	орудие, снаряжение, вооружение, оборудование, лекарство
оружие.2	ружье, пистолет, револьвер, копье, пистолеты
отвращение.1	недоверие, презрение, омерзение, уважение, сострадание
отец.1	муж, дед, папа, брат, дедушка
отец.2	отче, старец, игумен, архимандрит, святой
открытие.1	событие, зрелище, известие, обстоятельство, изобретение
отношение.1	значение, влияние, впечатление, право, воздействие
отношение.2	касательство, пристрастие, обращение, уважение, презрение
отчаяние.1	изумление, бешенство, волнение, разочарование, нетерпение
офицер.1	сержант, лейтенант, полковник, майор, летчик
охота.1	облава, драка, битва, война, погоня
охота.2	захочется, хочется, хотца, хочу, вредно
охрана.1	сиделка, секретарша, медсестра, горничная, няня
охрана.2	стража, гвардия, защита, прислуга, свита
ощущение.1	чувство, предчувствие, зрелище, впечатление, видение
палец.1	пальчик, ладонь, руку, мизинец, перст
палочка.1	палка, трубочка, трубка, флейта, шкатулка
папа.1	Папа, император, понтифик, патриций, сенат
папа.2	отец, муж, дедушка, дед, брат
папа.3	святитель, святой, епископ, пресвитер, апостол
папоротник.1	сирень, черемуха, сакура, липа, вишня
папоротник.2	кустарник, вереск, шиповник, тростник, камыш
партия.1	идеология, фракция, пропаганда, оппозиция, революция
паук.1	жук, зверь, червяк, дракон, таракан
переживание.1	событие, потрясение, явление, ощущение, наслаждение
персонал.1	медперсонал, работник, коллектив, экипаж, эксперт
перстень.1	браслет, кулон, медальон, перстенек, обруч
пилот.1	летчик, разведчик, стрелок, боец, воин
пирог.1	торт, кекс, пудинг, пирожок, рулет
писатель.1	поэт, ученый, философ, историк, композитор
питание.1	освещение, кормление, образование, самочувствие, воспитание
питание.2	отопление, электропитание, электричество, зажигание, сигнализацию
пища.1	еда, закуска, жратва, диета, приправа
пища.2	похлебка, свинина, баранина, рыба, картошка
планета.1	страна, деревня, галактика, Галактика, вселенная
плащ.1	халат, пиджак, жакет, камзол, сюртук
плод.1	порождение, проекция, основа, следствие, вершина
плод.2	фрукт, персик, результат, продукт, помидор
поведение.1	предложение, времяпрепровождение, присутствие, предположение, объяснение
повреждение.1	ранение, сотрясение, увечье, препятствие, упущение
повреждение.2	повреждения, поломку, неполадки, неполадку, неисправность
погода.1	погодка, слышимость, обстановка, еда, новость
погода.2	осень, жара, теплынь, зима, морось
подвиг.1	преступление, проступок, ошибку, самоубийство, невозможное
подвиг.2	поступок, героизм, труд, энтузиазм, долг
подготовка.1	тяга, готовность, неподготовленность, апелляция, близость
подготовка.2	выучка, техника, тренировка, работа, закалка
поиск.1	поиски, полет, преследование, розыск, расследование
поиск.2	отыскание, выявление, добывание, получение, поиске
политик.1	бизнесмен, дипломат, писатель, журналист, полководец
политика.1	стратегия, экспансия, позиция, реформа, элита
полководец.1	военачальник, поэт, стратег, политик, воин
положение.1	состояние, положеніе, место, поведение, значение
попугай.1	дракон, голубь, скворец, ворон, кот
попугай.2	попугайчик, горошек, ковер, какаду, шарф
последствие.1	следствие, результат, продолжение, последствия, событие
пособие.1	жалованье, вознаграждение, жалование, вспомоществование, довольствие
пособие.2	зарплату, пенсию, проценты, стипендию, алименты
постройка.1	пристройка, башня, хижина, конструкция, башенка
поступок.1	проступок, подвиг, фарс, жест, розыгрыш
поступок.2	человек, юноша, эгоист, рыцарь, трус
посуда.1	ваза, утварь, чернильница, тарелка, ложечка
потребность.1	вовлеченность, активность, ценность, неполноценность, включенность
потребность.2	необходимость, уверенность, неуверенность, резь, нужду
походка.1	собранность, умиротворенность, самоуверенность, плавность, угловатость
походка.2	осанка, поступь, поза, грация, улыбка
поэт.1	писатель, художник, философ, композитор, ученый
правило.1	привилегию, неумение, нежелания, неумения, нежелание
правило.2	условие, требование, понятие, соображение, обстоятельство
правительство.1	посольство, государство, консульство, командование, руководство
правление.1	государство, правительство, общество, руководство, управление
правление.2	царствование, свите, жизнеописании, присутствии, эпоху
праздник.1	бал, пир, банкет, пикник, карнавал
предприятие.1	мероприятие, начинание, учреждение, путешествие, предпринимательство
препарат.1	наркотик, метод, стимулятор, антибиотик, яд
препятствие.1	затруднение, испытание, осложнение, неудобство, преимущество
пресмыкаться.1	преклоняться, унижаться, заискивать, предстать, склониться
преступность.1	пиратство, взяточничество, пьянство, инакомыслие, казнокрадство
преступность.2	культура, литература, оппозиция, политика, психология
преступность.3	банда, проститутка, шпана, шлюха, шваль
преступность.4	напряженность, неуверенность, сексуальность, влюбленность, панику
преступность.5	коррупцию, проституцию, безграмотность, анархию, безнравственность
преступность.6	проституция, коррупция, наркомания, торговля, анархия
преступность.7	безработица, смертность, рождаемость, инфляция, заболеваемость
прибор.1	аппарат, инструмент, компьютер, приемник, сканер
привычка.1	манера, примета, шутка, традиция, выучка
привычка.2	тяга, антипатия, нелюбовь, привязанность, склонность
привычка.3	приучена, вынуждена, склонна, настроена, обязана
привязанность.1	любовь, неприязнь, склонность, страсть, симпатию
прием.1	трюк, метод, маневр, приемчик, термин
прием.2	банкет, бал, пир, ужин, обед
призрак.1	монстр, демон, ангел, Призрак, маньяк
призрак.2	шепот, вопль, шепоток, рык, всхлип
призрак.3	мираж, силуэт, фантом, кошмар, сон
пример.1	противоположность, противовес, назидание, угоду, пику
пример.2	эпизод, отрывок, примеры, вариант, образчик
примета.1	поговорка, шутка, новость, привычка, наследственность
принадлежность.1	идентичность, солидарность, общность, рознь, обособленность
принадлежность.2	причастность, склонность, нетерпимость, предрасположенность, неприязнь
прическа.1	стрижка, одежда, поза, идея, походка
прическа.2	шляпка, челка, шевелюра, шляпа, бородка
причина.1	проблема, цель, трудность, задача, ошибка
проблема.1	трудность, задача, тема, загвоздка, дилемма
прогулка.1	поездка, пробежка, экскурсия, беседа, разминка
продажа.1	продажей, перепродажей, сбытом, скупкой, продавцом
продажа.2	распродажа, сделка, встреча, передача, кража
продажа.3	покупка, продажу, скупка, продажи, конфискация
продажа.4	Продажа, Покупка, Доставка, Приобретение, Опись
продукт.1	результат, товар, ресурс, плод, материал
продукция.1	работа, фирма, промышленность, индустрия, техника
проект.1	план, эксперимент, замысел, документ, характер
проекция.1	матрица, сфера, картинка, голограмма, плод
происхождение.1	предназначение, гражданство, общество, наречие, произношение
профессия.1	работа, специальность, вещь, штука, тема
профессор.1	историк, биолог, литературовед, реформатор, зоолог
профессор.2	прикладной, сравнительной, молекулярной, экспериментальной, неклассической
профессор.3	преподаватель, выпускник, доцент, ректор, профессора
профессор.4	Северус, Основы, Институт, Учебник, Преподаватель
процедура.1	операция, церемония, практика, сцена, история
процесс.1	феномен, характер, факт, цикл, метод
процесс.2	процессе, процессах, стадии, ходе, методах
пряность.1	приправа, асана, методика, процедура, тема
пряность.2	сладость, пикантность, прелесть, элегантность, привлекательность
пряность.3	пищу, руду, еду, пушнину, нефть
психотерапия.1	терапия, психология, философия, антропология, медицина
птица.1	птичка, бабочка, чайка, сова, птаха
пулемет.1	вязки, клади, гранатой, лебедкой, выделки
пулемет.2	автомат, гранатомет, миномет, арбалет, карабин
пулемет.3	пулемета, пулеметы, пулеметом, пулеметами, пулеметов
пулемет.4	мотор, мотоцикл, двигатель, проектор, насос
пулемет.5	танк, пулеметчик, бомбардировщик, бронепоезд, самолет
пункт.1	этап, пост, параграф, рубеж, модуль
путешествие.1	плавание, странствие, восхождение, приключение, плаванье
путешествие.2	поездку, прогулку, экскурсию, полет, поход
путь.1	стезю, пути, ниве, путях, алтарь
путь.2	дорогу, тропу, тропинку, дорожку, тропку
путь.3	маршрут, полет, спуск, доступ, перелет
путь.4	проход, проезд, коридор, фарватер, туннель
пушка.1	гаубица, винтовка, артиллерия, мортира, батарея
пушка.2	пушкой, пушки, пушек, пушками, пушке
работа.1	задача, профессия, работенка, миссия, игра
работник.1	сотрудник, специалист, руководитель, чиновник, функционер
работник.2	персонал, деятель, актив, центр, институт
рабочий.1	десятый, одиннадцатый, третий, пятый, девятый
рабочий.2	операционный, служебный, директорский, письменный, массажный
рабочий.3	правящий, господствующий, средний, креативный, привилегированный
рабочий.4	съемочный, завтрашний, выходной, Судный, базарный
разведка.1	контрразведка, авиация, армия, агентура, дипломатия
разговор.1	спор, диалог, рассказ, поединок, допрос
разговор.2	беседу, дискуссию, переговоры, игру, перепалку
размах.1	масштаб, резонанс, вес, успех, энтузиазм
размер.1	этаж, класс, ярус, год, километр
размер.2	увеличение, повышение, уменьшение, снижение, сокращение
размер.3	диаметр, вес, калибр, возраст, объем
размер.4	величина, сумма, толщину, величину, длину
размер.5	выплата, выплату, выплате, уплата, получение
разница.1	дистанция, проблема, различие, корреляция, разность
разум.1	ум, организм, интеллект, эгоизм, облик
разум.2	рассудок, сознание, самообладание, самоконтроль, равновесие
разум.3	мозг, отец, муж, собеседник, приятель
ракета.1	стрела, торпеда, граната, бомба, пуля
рана.1	травма, авария, ошибка, тайна, сцена
рана.2	схватка, бойня, сеча, резня, свалка
рана.3	болезнь, обида, контузия, депрессия, усталость
рана.4	ранка, царапина, ссадина, язва, пробоина
рана.5	лодыжка, нога, коленка, спина, шея
раса.1	цивилизация, нация, каста, страна, планета
растение.1	животное, дерево, существо, насекомое, вещество
растительность.1	поросль, зелень, трава, живность, флора
реакция.1	атака, позиция, разрядка, тактика, предосторожность
ребенок.1	малыш, мальчик, младенец, мальчишка, щенок
ребенок.2	сын, пациент, муж, клиент, внук
революция.1	литература, война, Революция, культура, катастрофа
результат.1	эффект, продукт, следствие, успех, ответ
река.1	речка, речушка, вода, Темза, Нева
религия.1	вера, культура, мифология, традиция, философия
ремесло.1	искусство, занятие, мастерство, дело, призвание
рептилия.1	тварь, ящерица, змея, птица, обезьяна
репутация.1	жена, мать, подруга, сестра, невеста
репутация.2	карьера, семья, примета, слава, погода
родственник.1	рейс, космос, бомбардировщик, Восток, заброс
родственник.2	родич, племянник, сосед, брат, предок
родственник.3	холостяк, вельможа, крестьянин, сановник, помещик
родственник.4	гастроном, бархан, супермаркет, лесок, райцентр
рожа.1	морда, физиономия, харя, образина, мордочка
роза.1	лилия, орхидея, гвоздика, звезда, лента
рост.1	забор, сугроб, холм, постамент, утес
рост.2	спад, прирост, подъем, взлет, упадок
рост.3	снижение, увеличение, повышение, сокращение, уменьшение
рубашка.1	рубаха, сорочка, блузка, футболка, майка
руда.1	пластина, монета, проволока, пластинка, дорога
ружье.1	винтовку, автомат, оружие, пистолет, карабин
рука.1	жена, спутница, собеседница, противница, подруга
рука.2	нога, щека, ступня, лапа, ладонь
руководитель.1	сотрудник, начальник, глава, директор, руководителю
руководитель.2	Руководитель, Начальник, Сотрудник, Руководителем, Начальнику
ручка.1	рукоятка, ножка, ладошка, фигурка, авторучка
рыба.1	рыбка, рыбина, щука, рыбешка, птица
рыба.2	говядина, свинина, баранина, курица, камбала
сад.1	пирог, сок, компот, джем, ликер
сад.2	парк, садик, луг, двор, палисадник
салат.1	суп, омлет, паштет, пирог, салатик
самолет.1	автомобиль, поезд, автобус, грузовик, мотоцикл
самолет.2	вертолет, истребитель, корабль, аэроплан, бомбардировщик
самообладание.1	хладнокровие, спокойствие, терпение, мужество, здравомыслие
самообладание.2	равновесие, рассудок, сознание, бдительность, самообладания
свадьба.1	помолвка, встреча, коронация, вечеринка, сделка
свет.1	ночник, фонарь, фонарик, лампу, прожектор
свет.2	блик, луч, отсвет, отблеск, полусвет
свидетельство.1	свидетельства, сведения, данные, известия, справки
свидетельство.2	доказательство, подтверждение, представление, упоминание, уведомление
свобода.1	гармония, демократия, сила, анархия, автономия
свойство.1	качество, явление, событие, достоинство, обстоятельство
связь.1	переписка, дружба, договоренность, вражда, конфронтация
связь.2	радиосвязь, видеосвязь, трансляцию, сцепление, сигнализацию
связь.3	нить, цепь, ниточка, пуповина, привязь
связь.4	переписку, дружбу, беседу, торговлю, конфронтацию
связь.5	сходство, разницу, различие, соответствие, различия
связь.6	взаимосвязь, близость, зависимость, параллель, корреляция
связь.7	контакт, контакты, сношения, соприкосновение, отношения
священник.1	священнослужитель, монах, богослов, пастор, миссионер
сегодня.1	туда, обедать, дальше, ужинать, куда–нибудь
сегодня.2	сию, тотчас, сразу, тут, так
сегодня.3	нынче, завтра, вчера, однажды, воскресным
сегодня.4	прошлой, позапрошлой, минувшей, прошедшей, сегодняшней
сегодня.5	увидимся, проснешься, просыпаешься, просыпаюсь, просыпался
сегодня.6	сейчас, тогда, ведь, тоже, действительно
секира.1	сабля, палица, дубинка, стрела, булава
секс.1	трах, флирт, шопинг, поцелуй, характер
секс.2	пиар, интернет, гей, стрип, фитнес
секс.3	любовник, игрок, актер, специалист, стрелок
семья.1	жена, мать, сестра, дочь, мама
семья.2	страна, компания, команда, родня, деревня
семя.1	отродье, семечко, зерно, племя, зернышко
семя.2	сперму, лаву, желчь, рвоту, душу
серьга.1	сережка, заколка, диадема, булавка, люстра
сестра.1	мать, жена, дочь, подруга, мама
сила.1	мощь, грация, доброта, теплота, жестокость
сила.2	энергия, красота, субстанция, стихия, магия
симптом.1	симптомы, инфекционные, венерические, заразные, симптомом
симптом.2	признак, феномен, фактор, факт, эпизод
симптом.3	звоночек, звук, хрип, свист, треск
система.1	структура, программа, организация, реформа, схема
ситуация.1	обстановка, картина, история, конъюнктура, процедура
склад.1	складе, склады, складах, запас, закупку
склад.2	магазин, магазинчик, арсенал, погреб, сарай
скорость.1	обороты, темп, высоту, громкость, амплитуду
скорость.2	одежду, туфли, обувь, одеяло, маску
скука.1	тоска, усталость, печаль, тревога, апатия
слава.1	молва, репутация, примета, весть, красота
слава.2	Слава, Благодарение, Хвала, Молитесь, Молись
слава.3	посвященный, посвященные, посвященных, посвященная, подобно
слава.4	хвала, благодарение, молись, молитесь, молясь
слава.5	воля, благость, кара, милость, десница
славянин.1	еврей, англичанин, ариец, горожанин, воин
сладость.1	прелесть, нежность, радость, мягкость, теплоту
сладость.2	жидкость, мякоть, жижу, слюну, патоку
сладость.3	горечь, грусть, истому, слабость, печаль
слово.1	словечко, словцо, словосочетание, название, обещание
сложение.1	телосложение, тело, здоровье, тельце, сочетание
слой.1	пласт, покров, ярус, этаж, палеолит
слой.2	уровень, класс, предел, контекст, феномен
слуга.1	официант, лакей, дворецкий, раб, служитель
слуга.2	помазанник, агнец, Слуга, Агнец, глас
слуга.3	сын, муж, избранник, приятель, супруг
служба.1	месса, операция, трапеза, учеба, литургия
служба.2	техника, миссия, организация, база, дисциплина
служить.1	послужить, являться, помогать, принадлежать, помочь
слух.1	нюх, зрение, обоняние, память, извилины
слух.2	слушок, молву, сплетню, дезинформацию, клевету
слух.3	миф, рассказ, тезис, сюжет, билль
слух.4	мускулы, мышцы, бицепс, бицепсы, ягодицы
слух.5	весть, молва, известие, повсюду, информация
слух.6	шепоток, сквознячок, шепот, звук, намек
слух.7	газ, ток, секундомер, автопилот, микрофон
слух.8	аппендицит, артрит, бронхит, ревматизм, геморрой
слух.9	сыр, глотки, ростбиф, колбасу, хлеб
слух.10	стилист, критик, любовник, тактик, эстет
случай.1	предотвращение, грани, преодоление, подготовку, месте
случай.2	эпизод, пожарный, инцидент, казус, факт
смерть.1	гибель, кончину, погибель, кончина, казнь
смех.1	всхлипывания, всхлипы, смешки, стоны, аплодисменты
смех.2	хохот, смешок, крик, стон, кашель
смех.3	рыдания, зевоту, раздражение, тошноту, улыбку
смола.1	лава, вода, пена, слюна, кровь
снаряд.1	дивизион, полк, батальон, взвод, артполк
снаряд.2	болт, заряд, дротик, фугас, выстрел
снаряд.3	самолет, метеорит, истребитель, бомбардировщик, метеор
снаряжение.1	амуницию, чемоданы, рюкзаки, поклажу, экипировку
снаряжение.2	оборудование, обмундирование, оружие, имущество, вооружение
собака.1	собачонка, кошка, псина, дворняжка, дворняга
собрание.1	Собрание, ополчение, достояние, вече, сословие
собрание.2	совещание, заседание, мероприятие, празднество, голосование
событие.1	происшествие, открытие, явление, обстоятельство, зрелище
совесть.1	сознательность, мораль, порядочность, добродетель, нравственность
совесть.2	душа, интуиция, жена, мать, репутация
совесть.3	ностальгия, ревность, гордость, тревога, стыд
совесть.4	бессонница, жажда, изжога, подагра, одышка
советник.1	помощник, секретарь, консультант, Советник, камергер
советник.2	совет, агент, министр, чиновник, асессор
соединение.1	подразделение, слияние, взаимодействие, единение, объединение
создание.1	существо, созданье, животное, дитя, насекомое
создание.2	формирование, введение, разработку, поддержание, изготовление
сон.1	кошмар, полусон, транс, отдых, покой
сон.2	дрему, дремоту, сонливость, полудрему, дурноту
сооружение.1	строение, здание, существо, зрелище, приспособление
состязание.1	пари, поединок, турнир, битву, гонку
состязание.2	соревнование, сражение, единоборство, соперничество, празднество
сосуд.1	кувшин, флакон, кубок, горшок, пузырек
соус.1	суп, сироп, маринад, бульон, отвар
сочетание.1	зрелище, совпадение, сравнение, явление, соседство
специалист.1	эксперт, спец, профессионал, консультант, юрист
специя.1	приправа, пряность, тема, асана, пища
спорт.1	учебу, поэзию, журналистику, юриспруденцию, медицину
спорт.2	туризм, футбол, хоккей, курорт, бейсбол
спорт.3	полк, батальон, корпус, разъезд, отряд
спорт.4	писатель, спортсмен, игрок, разведчик, революционер
способ.1	лекарь, фехтовальщик, пловец, бегун, воин
способ.2	способы, средство, способа, способу, способе
способ.3	шанс, метод, вариант, выход, рецепт
способность.1	склонность, восприимчивость, предрасположенность, чувствительность, привязанность
способность.2	неспособность, умение, способности, умению, умением
среда.1	обстановка, атмосфера, структура, политика, субстанция
ссылка.1	аллюзия, заявка, каторга, ориентация, пародия
станок.1	цех, прибор, компьютер, проигрыватель, станочек
старик.1	старичок, мужчина, мужик, старикашка, старец
старость.1	старушку, женщину, старуху, бабушку, развалину
старость.2	шумок, Сталинградом, кайфом, конец, гипнозом
старость.3	осень, смерть, зима, весна, жизнь
статья.1	заметка, книга, рецензия, статейка, брошюра
стихия.1	сила, энергия, среда, буря, магия
сторона.1	половина, делегация, разведка, стена, дипломатия
сторона.2	нога, рука, штанина, щека, ноздря
страсть.1	ненависть, любовь, привязанность, тяга, склонность
страх.1	ужас, стыд, испуг, трепет, гнев
страх.2	робость, брезгливость, тошноту, тревогу, дурноту
стрела.1	пуля, игла, ракета, молния, торпеда
строение.1	здание, сооружение, помещение, надгробие, дерево
структура.1	система, организация, конструкция, субстанция, программа
стыд.1	страх, ужас, неловкость, восторг, голод
стыд.2	смущение, головокружение, облегчение, отвращение, разочарование
суд.1	промысел, гнев, Промысел, дар, промысл
суд.2	трибунал, Суд, судья, самосуд, Совет
судья.1	мистер, миссис, мисс, доктор, капитан
судья.2	суд, судия, арбитр, жрец, правитель
судья.3	войны, рекорд, войне, закулисы, революции
суп.1	кофе, чай, глинтвейн, напиток, пунш
суп.2	борщ, бульон, салат, супчик, соус
сустав.1	позвоночник, позвонок, сгиб, нерв, лодыжку
сухарь.1	сухарик, хлеб, круассан, хлебец, печенье
сухарь.2	эгоист, негодяй, болван, мерзавец, ублюдок
существо.1	создание, животное, чудовище, насекомое, созданье
сущность.1	природу, суть, ценность, субстанцию, реальность
сцена.1	картина, сценка, история, фраза, картинка
счастье.1	блаженство, наслаждение, счастие, несчастье, богатство
сын.1	дочь, вдова, супруга, дочка, внучка
сын.2	брат, внук, отец, племянник, муж
сын.3	лейтенант, сержант, политрук, офицер, оперуполномоченный
сырье.1	оборудование, топливо, удобрение, вещество, снаряжение
сырье.2	продовольствие, нефть, провизию, фураж, товары
тактика.1	стратегия, позиция, методика, практика, схема
талант.1	дар, гений, темперамент, интерес, артистизм
талант.2	художник, артист, педагог, профессионал, стратег
танец.1	вальс, пируэт, поцелуй, пляс, ритуал
тачка.1	машина, иномарка, повозка, коляска, телега
тачка.2	телка, штучка, игрушка, вещица, машинка
тварь.1	гадину, бестию, рептилию, ящерицу, скотину
тварь.2	скотина, гадина, дрянь, сука, сволочь
телефон.1	мобильник, коммуникатор, сотовый, мобильный, радиотелефон
телефон.2	блокнот, пистолет, пудреницу, бумажник, револьвер
тело.1	сознание, сердце, естество, имя, дитя
тело.2	тельце, туловище, лицо, существо, телосложение
телосложение.1	сложение, тело, тельце, воспитание, сооружение
темперамент.1	нрав, характер, талант, энтузиазм, норов
температура.1	влажность, зарплата, самооценка, рождаемость, кислотность
температура.2	планка, колокольня, гора, башня, ограда
теория.1	гипотеза, версия, концепция, идея, догадка
терпение.1	самообладание, терпенье, мужество, великодушие, упорство
терпение.2	благоразумие, бдительность, сознание, выдержку, осторожность
техника.1	технология, аппаратура, методика, электроника, наука
технология.1	техника, методика, программа, схема, модель
ткань.1	материю, накидку, шаль, рубашку, простыню
ткань.2	материя, рубашка, рубаха, блузка, сорочка
товар.1	продукт, груз, ширпотреб, товарец, материал
товар.2	товары, провиант, продовольствие, недвижимость, пушнину
токсин.1	яд, препарат, наркотик, фермент, гормон
токсин.2	инсулин, токсины, газ, адреналин, пигмент
топор.1	меч, нож, кинжал, клинок, топорик
торговец.1	торговцы, торгуя, торгующий, торгующие, торговал
торговец.2	купец, бизнесмен, коммерсант, спекулянт, делец
торговля.1	переписка, коммерция, спекуляция, беседа, борьба
торговля.2	политика, разведка, лавка, лавочка, держава
торговля.3	торговцы, торговец, торгуя, торгующие, торгует
тоска.1	печаль, ностальгия, скука, грусть, тревога
травма.1	рана, контузия, болезнь, встряска, нагрузка
трагедия.1	бойня, драка, резня, давка, буря
трагедия.2	катастрофа, драма, беда, авария, неприятность
тракт.1	проселок, проспект, большак, шлях, бульвар
тракт.2	Тракт, вокзал, город, континент, материк
транспорт.1	корабль, пароход, танкер, автотранспорт, автомобиль
тревога.1	печаль, паника, досада, обида, грусть
трофей.1	приз, подарок, сувенир, экспонат, груз
трофей.2	нож, рог, сверток, дробовик, молот
труд.1	подвиг, груз, трактат, характер, недуг
труд.2	смелость, обязанным, обязанной, обязанными, обязательство
у.1	интересующая, интересующий, интересующее, интересующие, интересующих
у.2	для, возле, подле, вместо, про
у.3	У, Для, Ради, …от, Про
у.4	избавь, избави, ждите, отвезите, храни
у.5	заставляет, одарит, защитит, избавит, утешит
у.6	отвезти, сопровождать, отпустить, полюбить, впустить
у.7	глупее, счастливее, поумнее, роднее, храбрее
у.8	уверяю, прошу, увижу, приглашаю, слушаю
убеждение.1	опасение, подозрение, предубеждение, сожаление, неверие
убеждение.2	мнение, предположение, верование, суждение, утверждение
уборка.1	репетиция, погрузка, чистка, стирка, проверка
уборка.2	уборке, уборкой, уборки, вывоз, уборку
уважение.1	почтение, доверие, отвращение, презрение, сочувствие
углевод.1	белок, углерод, протеин, мотив, спирт
углевод.2	экспромт, вымысел, абсурд, русак, суицид
угроза.1	насмешка, издевка, ирония, тревога, обида
угроза.2	опасность, проблема, причина, помеха, тайна
удар.1	контрудар, пинок, выпад, апперкот, тычок
удобство.1	надежность, эффективность, простоту, оперативность, точность
удобство.2	преимущество, неудобство, значение, подспорье, удовольствие
уж.1	скажи, скажите, поговорите, ошибаетесь, стоите
уж.2	уже, ж, даже, ужь, б
уж.3	горяч, молод, мягок, молода, быстр
уж.4	поступлю, умру, заживем, погибну, появлюсь
уж.5	смотри, смотрите, слушай, послушай, глядите
уж.6	удачно, глупо, непохоже, складно, кстати
уж.7	случится, повторюсь, повторю, сделаешь, повезет
уж.8	запомни, учтите, предупреждаю, запомните, учти
ужас.1	страх, восторг, трепет, испуг, стыд
ужас.2	вопль, визг, стон, крик, вой
уже.1	тоже, действительно, ведь, давно, просто
ужин.1	обед, завтрак, ленч, ланч, еду
ужин.2	чай, глинтвейн, кофе, грог, пунш
ужин.3	банкет, пир, фуршет, концерт, вечер
узел.1	узелок, узлы, шнуровку, шнурок, шнурки
узел.2	мешок, сверток, тюк, мешочек, рюкзак
указ.1	дворец, штандарт, трон, венец, советник
указ.2	декрет, Указ, манифест, рескрипт, эдикт
украшение.1	ожерелье, развлечение, блюдо, колье, кольцо
укрытие.1	защиту, прикрытием, сенью, сень, защитой
укрытие.2	убежище, прикрытие, пристанище, местечко, место
улыбка.1	усмешка, ухмылка, полуулыбка, улыбочка, насмешка
умение.1	позволяющие, неспособность, позволяющих, способные, позволяющий
умение.2	неумение, умению, умением, умеющий, умения
упражнение.1	задание, обстоятельство, асану, лекарство, занятие
уровень.1	этаж, класс, ярус, рост, потенциал
уровень.2	снижение, увеличение, повышение, степень, динамику
условие.1	правило, требование, отличие, препятствие, обстоятельство
услуга.1	проблема, информация, просьба, консультация, страховка
успех.1	резонанс, эффект, выигрыш, прогресс, авторитет
установка.1	ориентация, позиция, батарея, пушка, программа
устройство.1	приспособление, оборудование, заклинание, учреждение, сооружение
утварь.1	посуда, чаша, чернильница, безделушка, брошь
утварь.2	посуду, вещицу, безделушку, вазу, чашу
утварь.3	мебель, снедь, живность, рухлядь, дребедень
уход.1	собеседник, муж, отец, приятель, клиент
уход.2	отъезд, присмотр, надзор, отход, отказ
ученый.1	физик, писатель, историк, философ, поэт
учитель.1	учительница, преподавательница, учителем, учителя, преподавателем
учитель.2	преподаватель, учебник, врач, адвокат, тренер
учитель.3	наставник, приятель, отец, муж, коллега
учреждение.1	заведение, мероприятие, предприятие, образование, подразделение
факт.1	эпизод, феномен, документ, инцидент, парадокс
факт.2	негодяй, наглец, мерзавец, гад, хмырь
фамилия.1	семья, профессия, вещица, песня, жена
фантазия.1	выдумка, блажь, идея, затея, натура
фантазия.2	мнительность, сентиментальность, страсть, веселость, гордыня
ферма.1	усадьба, вилла, деревня, дача, квартира
фермент.1	гормон, препарат, ингредиент, элемент, ген
фермент.2	пигмент, инсулин, ферменты, белок, протеин
фигура.1	тень, скала, туша, одежда, башня
фигура.2	фигурка, брюнетка, женщина, блондинка, личность
фигурка.1	фигура, шейка, статуэтка, головка, ножка
фигурка.2	брюнетка, блондинка, блондиночка, старушка, девчушка
физик.1	ученый, писатель, химик, историк, математик
физиономия.1	рожа, морда, мордочка, мордашка, харя
философия.1	культура, литература, наука, поэзия, мифология
фирма.1	компания, контора, корпорация, страна, организация
фобия.1	аллергия, паранойя, проблема, болезнь, привычка
фонд.1	капитал, комитет, банк, архив, отдел
фонд.2	Фонд, фонде, пользу, фонды, интересах
форма.1	униформа, сфера, структура, стратегия, модель
форма.2	фуражка, гимнастерка, куртка, сумка, кепка
фотография.1	фотокарточка, картинка, открытка, гравюра, репродукция
фрукт.1	сувенир, предмет, экземпляр, экспонат, артефакт
фрукт.2	персик, плод, банан, апельсин, помидор
фрукт.3	мерзавец, тип, наглец, типчик, гад
характеристика.1	оценка, формулировка, тема, информация, функция
химера.1	выдумка, бессмыслица, фикция, утопия, чепуха
химера.2	тварь, змея, пантера, акула, гидра
ходьба.1	езда, прогулка, беготня, пробежка, походка
хозяйство.1	имущество, предприятие, землевладение, государство, достояние
холод.1	жар, озноб, холодок, голод, мороз
холод.2	вой, грохот, шум, визг, вопль
холод.3	тепло, прохладу, сырость, покалывание, тошноту
холодный.1	осенний, весенний, ноябрьский, дождливый, декабрьский
холодный.2	прохладный, теплый, морозный, студеный, ледяной
холодный.3	твердый, хмурый, мрачный, ласковый, неприветливый
художник.1	поэт, писатель, живописец, ученый, актер
цвет.1	окраску, облик, галс, направление, тональность
цвет.2	оттенок, окрас, бархат, шелк, колер
цель.1	задачу, причину, точку, позицию, функцию
цель.2	задача, причина, ценность, мишень, проблема
цена.1	стоимость, температура, себестоимость, рождаемость, доходность
цена.2	плата, награда, зарплата, ставка, сумма
ценность.1	значимость, опасность, цель, трудность, угрозу
центр.1	комплекс, Центр, институт, отдел, модуль
центр.2	центре, середину, середине, глубь, глубине
церковь.1	веру, религию, мессу, культуру, традицию
церковь.2	часовня, мечеть, церквушка, крепость, церковка
церковь.3	часовню, храм, школу, синагогу, общину
церковь.4	Церковь, община, религия, вера, литургия
чай.1	кофе, пиво, коньяк, шампанское, водку
чашка.1	чашечка, тарелка, миска, кружка, ваза
чашка.2	чашкой, чашечку, чашку, чашечкой, чашки
человек.1	километров, штук, рублей, фунтов, миль
человек.2	парень, мужчина, мужик, юноша, джентльмен
черный.1	белоснежный, полосатый, мешковатый, поношенный, потертый
черный.2	серый, белый, темный, синий, коричневый
честолюбие.1	любопытство, нетерпение, вожделение, возбуждение, самодовольство
честолюбие.2	тщеславие, самолюбие, самомнение, властолюбие, упрямство
чиновник.1	служащий, сановник, деятель, работник, орган
член.1	председатель, члену, члены, члена, Член
член.2	пенис, фаллос, сосок, хуй, клитор
член.3	выпускник, ректор, воспитанник, выпускника, выпускница
чтение.1	чтении, написании, составлении, заголовке, заглавии
чтение.2	изучение, повествование, чтением, чтиво, бритье
чувство.1	ощущение, предчувствие, волнение, томление, переживание
шакал.1	пес, ублюдок, койот, подонок, негодяй
шар.1	шарик, диск, цилиндр, купол, смерч
шея.1	спина, поясница, шейка, лодыжка, кожа
шея.2	брюнетка, блондинка, девушка, женщина, мулатка
школа.1	академия, литература, больница, библиотека, гимназия
шкура.1	кожа, морда, шерсть, шкурка, туша
шрам.1	ссадину, шишку, щетину, царапину, ямочку
шрам.2	рубец, порез, кровоподтек, синяк, шрамик
электроника.1	техника, аппаратура, автоматика, химия, наука
эмоция.1	мотивация, тема, вещь, личность, энергия
энергия.1	сила, энергетика, субстанция, стихия, активность
эпидемия.1	чума, гроза, буря, пандемия, паника
эпидемия.2	вирус, возбудитель, эпидемию, возбудители, бациллы
юрист.1	врач, журналист, адвокат, экономист, психолог
яблоко.1	пирожное, печенье, банан, бутерброд, апельсин
яблоко.2	яблочко, яйцо, дерево, яичко, перо
яблоня.1	вишня, сосна, береза, акация, черемуха
ягода.1	ягодка, земляника, малина, дыня, клубника
яд.1	наркотик, снотворное, токсин, мышьяк, морфий
яд.2	укус, жар, холод, враг, смрад
яд.3	отраву, яду, мед, снадобье, зелье
язва.1	зараза, стерва, помойка, дура, гадина
язва.2	астма, болезнь, подагра, аллергия, ангина
язва.3	рана, ранка, ссадина, опухоль, царапина
язва.4	бойня, трагедия, вражда, драма, давка
язва.5	несварение, расстройство, промывание, рак, язву
ярость.1	злость, злоба, ненависть, радость, страсть
